pool,game_file,source_file,source_page,original_url,license,license_url,author,date,description,origin,original_size
AF,Data-Vengeance/Loadscreens/RealConflict/AF/AF_001_1920x1080.png,US Army Special Forces helping with Colombian parachuters.jpg,https://commons.wikimedia.org/wiki/File:US_Army_Special_Forces_helping_with_Colombian_parachuters.jpg,https://upload.wikimedia.org/wikipedia/commons/5/5a/US_Army_Special_Forces_helping_with_Colombian_parachuters.jpg?utm_source=commons.wikimedia.org&utm_campaign=imageinfo&utm_content=original,Public domain,,SSGT KENRICK R. THOMAS,1985-06-29,A member of the US Army Special Forces demonstrates the correct technique for a helicopter-assisted patrol extraction to Colombian paratroopers during the joint US and Columbian counterinsurgency Exercise FUERZAS UNITAS '85.,"Joint U.S.-Colombian counterinsurgency exercise, Colombia",3000x1979
AF,Data-Vengeance/Loadscreens/RealConflict/AF/AF_002_1920x1080.png,US Army Special Forces inspect Clombian paratroopers.jpg,https://commons.wikimedia.org/wiki/File:US_Army_Special_Forces_inspect_Clombian_paratroopers.jpg,https://upload.wikimedia.org/wikipedia/commons/3/32/US_Army_Special_Forces_inspect_Clombian_paratroopers.jpg?utm_source=commons.wikimedia.org&utm_campaign=imageinfo&utm_content=original,Public domain,,SSGT KENRICK R. THOMAS,1985-06-29,US Army Special Forces Soldiers inspect the parachutes worn by Colombian paratroopers during the joint US and Colombian counterinsurgency Exercise FUERZAS UNITAS '85.,"Joint U.S.-Colombian counterinsurgency exercise, Colombia",3000x1993
JM,Data-Vengeance/Loadscreens/RealConflict/JM/JM_001_1920x1080.png,Defense.gov News Photo 100802-M-9093S-030 - U.S. Marine Corps Cpl. Blaho instructs his squad on where to cross a river while training with Colombian marines on jungle warfare in Colombia on.jpg,https://commons.wikimedia.org/wiki/File:Defense.gov_News_Photo_100802-M-9093S-030_-_U.S._Marine_Corps_Cpl._Blaho_instructs_his_squad_on_where_to_cross_a_river_while_training_with_Colombian_marines_on_jungle_warfare_in_Colombia_on.jpg,https://upload.wikimedia.org/wikipedia/commons/c/c5/Defense.gov_News_Photo_100802-M-9093S-030_-_U.S._Marine_Corps_Cpl._Blaho_instructs_his_squad_on_where_to_cross_a_river_while_training_with_Colombian_marines_on_jungle_warfare_in_Colombia_on.jpg?utm_source=commons.wikimedia.org&utm_campaign=imageinfo&utm_content=original,Public domain,,"Cpl Brian J. Slaght, U.S. Marine Corps",Taken on 2 August 2010,"U.S. Marine Corps Cpl. Blaho instructs his squad on where to cross a river while training with Colombian marines on jungle warfare in Colombia on Aug. 2, 2010. The Marines are participating in Partnership of the Americas/Southern Exchange, a combined amphibious exercise designed to enhance cooperative partnerships with participating maritime forces. Blaho is with 4th Platoon, Charlie Company, 3rd Assault Amphibian Battalion, 1st Marine Division.",Jungle warfare training with Colombian marines,4704x3136
AF,Data-Vengeance/Loadscreens/RealConflict/AF/AF_003_1920x1080.png,Salvadoran troops exit from a US Army CH-47 Chinook helicopter while practicing helicopter assault tactics with members of the 7th Special Forces during Exercise GRANADERO I DF-ST-85-13156.jpg,https://commons.wikimedia.org/wiki/File:Salvadoran_troops_exit_from_a_US_Army_CH-47_Chinook_helicopter_while_practicing_helicopter_assault_tactics_with_members_of_the_7th_Special_Forces_during_Exercise_GRANADERO_I_DF-ST-85-13156.jpg,https://upload.wikimedia.org/wikipedia/commons/5/5f/Salvadoran_troops_exit_from_a_US_Army_CH-47_Chinook_helicopter_while_practicing_helicopter_assault_tactics_with_members_of_the_7th_Special_Forces_during_Exercise_GRANADERO_I_DF-ST-85-13156.jpg?utm_source=commons.wikimedia.org&utm_campaign=imageinfo&utm_content=original,Public domain,,SSGT Lemuel Casillas,1984-05-14,Salvadoran troops exit from a US Army CH-47 Chinook helicopter while practicing helicopter assault tactics with members of the 7th Special Forces during Exercise GRANADERO I.,Salvadoran troops during Exercise Granadero I,2882x1906
AR,Data-Vengeance/Loadscreens/RealConflict/AR/AR_001_1920x1080.png,PanamaJustCause1991.jpg,https://commons.wikimedia.org/wiki/File:PanamaJustCause1991.jpg,https://upload.wikimedia.org/wikipedia/commons/1/1d/PanamaJustCause1991.jpg?utm_source=commons.wikimedia.org&utm_campaign=imageinfo&utm_content=original,Public domain,,DoD photo by PH1 Elliott,1989-12-20,"Marines of Company D, 2nd Light Armored Infantry Battalion, stand guard with their LAV-25 light armored vehicles outside a destroyed Panamanian Defense Force building during the first day of Operation Just Cause.",Operation Just Cause,2800x1850
TM,Data-Vengeance/Loadscreens/RealConflict/TM/TM_001_1920x1080.png,US Marines at Grenville town Grenada 1983.JPEG,https://commons.wikimedia.org/wiki/File:US_Marines_at_Grenville_town_Grenada_1983.JPEG,https://upload.wikimedia.org/wikipedia/commons/7/7c/US_Marines_at_Grenville_town_Grenada_1983.JPEG?utm_source=commons.wikimedia.org&utm_campaign=imageinfo&utm_content=original,Public domain,,JO1 Sundberg,1983-10-25,"U.S. Marines patrol Grenville town on Grenada during ""Operation Urgent Fury"", 25 October 1983.",Operation Urgent Fury,2850x1880
AF,Data-Vengeance/Loadscreens/RealConflict/AF/AF_004_1920x1080.png,82nd Airborne soldiers on Grenada 1983.jpg,https://commons.wikimedia.org/wiki/File:82nd_Airborne_soldiers_on_Grenada_1983.jpg,https://upload.wikimedia.org/wikipedia/commons/d/db/82nd_Airborne_soldiers_on_Grenada_1983.jpg?utm_source=commons.wikimedia.org&utm_campaign=imageinfo&utm_content=original,Public domain,,"Sgt. Michael Bogdanowicz, U.S. Army",1983-10-25,"U.S. Army soldiers of 1st Platoon A Co. 1st Bn ABN/508th Inf,82d Airborne Division on patrol on Grenada during ""Operation Urgent Fury"" in October 1983. Two of the soldiers (Spc/4 Mitchel facing left foreground) on the road have M47 Dragon antitank weapons.",Operation Urgent Fury,3000x2290
AF,Data-Vengeance/Loadscreens/RealConflict/AF/AF_005_1920x1080.png,UH-60As over Port Salines airport Grenada 1983.JPEG,https://commons.wikimedia.org/wiki/File:UH-60As_over_Port_Salines_airport_Grenada_1983.JPEG,https://upload.wikimedia.org/wikipedia/commons/6/6c/UH-60As_over_Port_Salines_airport_Grenada_1983.JPEG?utm_source=commons.wikimedia.org&utm_campaign=imageinfo&utm_content=original,Public domain,,SPC Douglas Ide,1983-10-25,"Three U.S. Army Sikorsky UH-60A Black Hawk helicopters prepare to touch down next to the Point Salines airport runway during ""Operation Urgent Fury"" on 25 October 1983.",Operation Urgent Fury,2810x1850
CT,Data-Vengeance/Loadscreens/RealConflict/CT/CT_001_1920x1080.png,St.GeorgeGrenada1983.jpg,https://commons.wikimedia.org/wiki/File:St.GeorgeGrenada1983.jpg,https://upload.wikimedia.org/wikipedia/commons/1/1a/St.GeorgeGrenada1983.jpg?utm_source=commons.wikimedia.org&utm_campaign=imageinfo&utm_content=original,Public domain,,PH2 D. Wujcik,1983-10-31,"Die Hauptstadt Grenadas, Foto von 1983. Originaltext: A view overlooking St. Georges","St. George's, Grenada during Operation Urgent Fury",2850x1900
RU,Data-Vengeance/Loadscreens/RealConflict/RU/RU_001_1920x1080.png,Salvadoran Army 4th Brigade barracks after an attack in 1983.png,https://commons.wikimedia.org/wiki/File:Salvadoran_Army_4th_Brigade_barracks_after_an_attack_in_1983.png,https://upload.wikimedia.org/wikipedia/commons/b/bb/Salvadoran_Army_4th_Brigade_barracks_after_an_attack_in_1983.png?utm_source=commons.wikimedia.org&utm_campaign=imageinfo&utm_content=original,Public domain,,Unknown author Unknown author,1983-12,"Damage to the Fourth Infantry Brigade compound from guerrilla attack, El Paraíso, Chalatenango Department, December 1983",Salvadoran Civil War,1220x862
JM,Data-Vengeance/Loadscreens/RealConflict/JM/JM_002_1920x1080.png,M102 howitzers during Operation Urgent Fury.jpg,https://commons.wikimedia.org/wiki/File:M102_howitzers_during_Operation_Urgent_Fury.jpg,https://upload.wikimedia.org/wikipedia/commons/b/b6/M102_howitzers_during_Operation_Urgent_Fury.jpg?utm_source=commons.wikimedia.org&utm_campaign=imageinfo&utm_content=original,Public domain,,TSGT M. J. CREEN,1983-11-03,82nd Airborne artillery personnel load and fire M102 105 mm howitzers during Operation URGENT FURY.,Category:82nd Airborne Division in Operation Urgent Fury,2920x1990
AF,Data-Vengeance/Loadscreens/RealConflict/AF/AF_006_1920x1080.png,"Members of the 82nd Airborne Division prepare to go out on patrol during Operation URGENT FURY. Two soldiers have M203 40 mm grenade launchers mounted on M16A1 rifles, one has a sni - DPLA - e1bf44b2507c350b638b38e4bc23a3d8.jpeg","https://commons.wikimedia.org/wiki/File:Members_of_the_82nd_Airborne_Division_prepare_to_go_out_on_patrol_during_Operation_URGENT_FURY._Two_soldiers_have_M203_40_mm_grenade_launchers_mounted_on_M16A1_rifles,_one_has_a_sni_-_DPLA_-_e1bf44b2507c350b638b38e4bc23a3d8.jpeg",https://upload.wikimedia.org/wikipedia/commons/f/fd/Members_of_the_82nd_Airborne_Division_prepare_to_go_out_on_patrol_during_Operation_URGENT_FURY._Two_soldiers_have_M203_40_mm_grenade_launchers_mounted_on_M16A1_rifles%2C_one_has_a_sni_-_DPLA_-_e1bf44b2507c350b638b38e4bc23a3d8.jpeg?utm_source=commons.wikimedia.org&utm_campaign=imageinfo&utm_content=original,Public domain,,Department of Defense. American Forces Information Service. Defense Visual Information Center. 1994,"25 October 1983 date QS:P571,+1983-10-25T00:00:00Z/11",The original finding aid described this photograph as: Subject Operation/Series: URGENT FURY Country: Grenada (GRD) Scene Camera Operator: SGT Michael Bogdanowicz Release Status: Released to Public,Category:82nd Airborne Division in Operation Urgent Fury,2775x1827
AF,Data-Vengeance/Loadscreens/RealConflict/AF/AF_007_1920x1080.png,A member of the 82nd Airborne Division operates communications equipment while a member of the Eastern Caribbean Defense Force looks on during Operation URGENT FURY - DPLA - 5a2f4b975884db6d39069034a6aecaad.jpeg,https://commons.wikimedia.org/wiki/File:A_member_of_the_82nd_Airborne_Division_operates_communications_equipment_while_a_member_of_the_Eastern_Caribbean_Defense_Force_looks_on_during_Operation_URGENT_FURY_-_DPLA_-_5a2f4b975884db6d39069034a6aecaad.jpeg,https://upload.wikimedia.org/wikipedia/commons/2/26/A_member_of_the_82nd_Airborne_Division_operates_communications_equipment_while_a_member_of_the_Eastern_Caribbean_Defense_Force_looks_on_during_Operation_URGENT_FURY_-_DPLA_-_5a2f4b975884db6d39069034a6aecaad.jpeg?utm_source=commons.wikimedia.org&utm_campaign=imageinfo&utm_content=original,Public domain,,Department of Defense. American Forces Information Service. Defense Visual Information Center. 1994,"25 October 1983 date QS:P571,+1983-10-25T00:00:00Z/11",The original finding aid described this photograph as: Subject Operation/Series: URGENT FURY Country: Grenada (GRD) Scene Camera Operator: SPC Douglas Ide Release Status: Released to Public,Category:82nd Airborne Division in Operation Urgent Fury,2810x1850
JM,Data-Vengeance/Loadscreens/RealConflict/JM/JM_003_1920x1080.png,ChTZ tractor.JPEG,https://commons.wikimedia.org/wiki/File:ChTZ_tractor.JPEG,https://upload.wikimedia.org/wikipedia/commons/b/b5/ChTZ_tractor.JPEG?utm_source=commons.wikimedia.org&utm_campaign=imageinfo&utm_content=original,Public domain,,Unknown author Unknown author,1983-10-28,"A soviet-built tracked tractor T-100 seized during the multiservice, multinational Operation URGENT FURY.",Category:Operation Urgent Fury,2800x1860
JM,Data-Vengeance/Loadscreens/RealConflict/JM/JM_004_1920x1080.png,A stone wall surrounding a mental hospital that was accidentally hit by a bomb during Operation URGENT FURY - DPLA - 1b86027d1a1e2bb586267256afb2e3e7.jpeg,https://commons.wikimedia.org/wiki/File:A_stone_wall_surrounding_a_mental_hospital_that_was_accidentally_hit_by_a_bomb_during_Operation_URGENT_FURY_-_DPLA_-_1b86027d1a1e2bb586267256afb2e3e7.jpeg,https://upload.wikimedia.org/wikipedia/commons/0/06/A_stone_wall_surrounding_a_mental_hospital_that_was_accidentally_hit_by_a_bomb_during_Operation_URGENT_FURY_-_DPLA_-_1b86027d1a1e2bb586267256afb2e3e7.jpeg?utm_source=commons.wikimedia.org&utm_campaign=imageinfo&utm_content=original,Public domain,,Department of Defense. American Forces Information Service. Defense Visual Information Center. 1994,"28 October 1983 date QS:P571,+1983-10-28T00:00:00Z/11",The original finding aid described this photograph as: Subject Operation/Series: URGENT FURY Base: Grenville Country: Grenada (GRD) Scene Camera Operator: PH2 David Wujcik Release Status: Released to Public,Category:Operation Urgent Fury,2840x1860
AR,Data-Vengeance/Loadscreens/RealConflict/AR/AR_002_1920x1080.png,"A Panamanian man smiles at some Marines from Company D, 2nd Light Armored Infantry Battalion, as they ride past him aboard an LAV25 light armored vehicle during Operation ROUGH RIDE - DPLA - b1cf33332d2f5cfa3c12dceca6d752b0.jpeg","https://commons.wikimedia.org/wiki/File:A_Panamanian_man_smiles_at_some_Marines_from_Company_D,_2nd_Light_Armored_Infantry_Battalion,_as_they_ride_past_him_aboard_an_LAV25_light_armored_vehicle_during_Operation_ROUGH_RIDE_-_DPLA_-_b1cf33332d2f5cfa3c12dceca6d752b0.jpeg",https://upload.wikimedia.org/wikipedia/commons/d/d1/A_Panamanian_man_smiles_at_some_Marines_from_Company_D%2C_2nd_Light_Armored_Infantry_Battalion%2C_as_they_ride_past_him_aboard_an_LAV25_light_armored_vehicle_during_Operation_ROUGH_RIDE_-_DPLA_-_b1cf33332d2f5cfa3c12dceca6d752b0.jpeg?utm_source=commons.wikimedia.org&utm_campaign=imageinfo&utm_content=original,Public domain,,Department of Defense. American Forces Information Service. Defense Visual Information Center. 1994,"22 November 1989 date QS:P571,+1989-11-22T00:00:00Z/11","The original finding aid described this photograph as: Country: Panama (PAN) Scene Camera Operator: PH1 (Sw) J. Elliott, USN Release Status: Released to Public",Category:1989 in Panama,2800x1840
JM,Data-Vengeance/Loadscreens/RealConflict/JM/JM_005_1920x1080.png,CH-3E with AFSAC personnel for Grenada 1983.JPEG,https://commons.wikimedia.org/wiki/File:CH-3E_with_AFSAC_personnel_for_Grenada_1983.JPEG,https://upload.wikimedia.org/wikipedia/commons/6/65/CH-3E_with_AFSAC_personnel_for_Grenada_1983.JPEG?utm_source=commons.wikimedia.org&utm_campaign=imageinfo&utm_content=original,Public domain,,USAF,1983-10-28,"A U.S. Force Sikorsky CH-3E helicpter (s/n 65-5691) takes off for Grenada on 28 October 1983, carrying U.S. Air Force Security Assistance Center personnel. The AFSAC develops and executes international agreements with friendly forces to provide defense materiel and services, in support of US national security.",Category:Operation Urgent Fury,2740x1890
TM,Data-Vengeance/Loadscreens/RealConflict/TM/TM_002_1920x1080.png,"Operation Just Cause, Panama (10470329534).jpg","https://commons.wikimedia.org/wiki/File:Operation_Just_Cause,_Panama_(10470329534).jpg",https://upload.wikimedia.org/wikipedia/commons/b/be/Operation_Just_Cause%2C_Panama_%2810470329534%29.jpg?utm_source=commons.wikimedia.org&utm_campaign=imageinfo&utm_content=original,CC0,http://creativecommons.org/publicdomain/zero/1.0/deed.en,"Gary Todd from Xinzheng, China",2010-07-23 01:25,"Special Warfare Museum, Fort Bragg, North Carolina. Complete indexed photo collection at WorldHistoryPics.com.",Category:United States invasion of Panama,3888x2592
JM,Data-Vengeance/Loadscreens/RealConflict/JM/JM_006_1920x1080.png,Explosion2 during Grenada invasion 1983.JPEG,https://commons.wikimedia.org/wiki/File:Explosion2_during_Grenada_invasion_1983.JPEG,https://upload.wikimedia.org/wikipedia/commons/6/63/Explosion2_during_Grenada_invasion_1983.JPEG?utm_source=commons.wikimedia.org&utm_campaign=imageinfo&utm_content=original,Public domain,,Spec. Long,1983-10-25,"An explosion during ""Operation Urgent Fury"", Grenada, 25 October 1983.",Category:Operation Urgent Fury,2840x1900
AF,Data-Vengeance/Loadscreens/RealConflict/AF/AF_008_1920x1080.png,Two members of the 82nd Airborne Division repair the left drive sprocket on an M-551 Sheridan light tank in Panama.jpg,https://commons.wikimedia.org/wiki/File:Two_members_of_the_82nd_Airborne_Division_repair_the_left_drive_sprocket_on_an_M-551_Sheridan_light_tank_in_Panama.jpg,https://upload.wikimedia.org/wikipedia/commons/a/a4/Two_members_of_the_82nd_Airborne_Division_repair_the_left_drive_sprocket_on_an_M-551_Sheridan_light_tank_in_Panama.jpg?utm_source=commons.wikimedia.org&utm_campaign=imageinfo&utm_content=original,Public domain,,"SGT. Joseph Garrison, US Army",1989-12-01,"Two members of the 82nd Airborne Division repair the left drive sprocket on an M-551 Sheridan light tank parked at the international airport following Operation Just Cause, the U.S. invasion of Panama.",Category:1989 in Panama,2820x1890
AF,Data-Vengeance/Loadscreens/RealConflict/AF/AF_009_1920x1080.png,A damaged Panamanian aircraft sits in its revetment at the David airport following Operation Just Cause. Exact Date Shot Unknown DF-ST-91-02528.jpg,https://commons.wikimedia.org/wiki/File:A_damaged_Panamanian_aircraft_sits_in_its_revetment_at_the_David_airport_following_Operation_Just_Cause._Exact_Date_Shot_Unknown_DF-ST-91-02528.jpg,https://upload.wikimedia.org/wikipedia/commons/8/8f/A_damaged_Panamanian_aircraft_sits_in_its_revetment_at_the_David_airport_following_Operation_Just_Cause._Exact_Date_Shot_Unknown_DF-ST-91-02528.jpg?utm_source=commons.wikimedia.org&utm_campaign=imageinfo&utm_content=original,Public domain,,MSGT. Ken Hammond,1990-01-01,A damaged Panamanian aircraft sits in its revetment at the David airport following Operation Just Cause. Exact Date Shot Unknown,Category:United States invasion of Panama,2830x1880
JM,Data-Vengeance/Loadscreens/RealConflict/JM/JM_007_1920x1080.png,A soldier sets a fuse on a round during a live fire exercise - DPLA - ac0ed678084cfd370c209e2eddcb67fa.jpeg,https://commons.wikimedia.org/wiki/File:A_soldier_sets_a_fuse_on_a_round_during_a_live_fire_exercise_-_DPLA_-_ac0ed678084cfd370c209e2eddcb67fa.jpeg,https://upload.wikimedia.org/wikipedia/commons/6/61/A_soldier_sets_a_fuse_on_a_round_during_a_live_fire_exercise_-_DPLA_-_ac0ed678084cfd370c209e2eddcb67fa.jpeg?utm_source=commons.wikimedia.org&utm_campaign=imageinfo&utm_content=original,Public domain,,Department of Defense. American Forces Information Service. Defense Visual Information Center. 1994,"1 May 1989 date QS:P571,+1989-05-01T00:00:00Z/11",The original finding aid described this photograph as: Country: Panama (PAN) Scene Camera Operator: STAFF Sergeant Lem Robson Release Status: Released to Public,Category:1989 in Panama,2810x1890
JM,Data-Vengeance/Loadscreens/RealConflict/JM/JM_008_1920x1080.png,Combatientes (9437160666).jpg,https://commons.wikimedia.org/wiki/File:Combatientes_(9437160666).jpg,https://upload.wikimedia.org/wikipedia/commons/a/a5/Combatientes_%289437160666%29.jpg?utm_source=commons.wikimedia.org&utm_campaign=imageinfo&utm_content=original,Public domain,,Dora María Téllez,1979-06-01 00:00,EPSON scanner Image,Category:Nicaraguan Revolution,2144x1360
IN,Data-Vengeance/Loadscreens/RealConflict/IN/IN_001_1920x1080.png,Ft Frederick Grenada damaged October 1983.JPEG,https://commons.wikimedia.org/wiki/File:Ft_Frederick_Grenada_damaged_October_1983.JPEG,https://upload.wikimedia.org/wikipedia/commons/9/9e/Ft_Frederick_Grenada_damaged_October_1983.JPEG?utm_source=commons.wikimedia.org&utm_campaign=imageinfo&utm_content=original,Public domain,,Spec. Douglas Ide,1983-10-25,"An aerial view of Fort Frederick, Grenada, showing damage sustained during ""Operation Urgent Fury"".",Category:Operation Urgent Fury,2840x1890
TM,Data-Vengeance/Loadscreens/RealConflict/TM/TM_003_1920x1080.png,PanamaM-113JustCauseUS-Invasion.jpg,https://commons.wikimedia.org/wiki/File:PanamaM-113JustCauseUS-Invasion.jpg,https://upload.wikimedia.org/wikipedia/commons/b/bd/PanamaM-113JustCauseUS-Invasion.jpg?utm_source=commons.wikimedia.org&utm_campaign=imageinfo&utm_content=original,Public domain,,DoD photo by PH1(SW) J. Elliott,1989-12-21,A U.S. Army M113 armored personnel carrier guards a street near the destroyed Panamanian Defense Force headquarters building during the second day of Operation Just Cause. (note: it's has M175 weapon mount and adapter while Dragon weapon system launcher were loaded on mount),Category:United States invasion of Panama,2000x1448
JM,Data-Vengeance/Loadscreens/RealConflict/JM/JM_009_1920x1080.png,US and Colombian ships at NS Rodman in 1989.JPEG,https://commons.wikimedia.org/wiki/File:US_and_Colombian_ships_at_NS_Rodman_in_1989.JPEG,https://upload.wikimedia.org/wikipedia/commons/0/0c/US_and_Colombian_ships_at_NS_Rodman_in_1989.JPEG?utm_source=commons.wikimedia.org&utm_campaign=imageinfo&utm_content=original,Public domain,,SPC Mark Williams,1989-11-13,"Tied up at the U.S. Naval Station Rodman, Panama, during the multinational joint naval exercise Unitas XXX are, from top: the destroyer USS Briscoe (DD-977), the guided missile destroyer USS Richard E. Byrd (DDG-23), the frigate USS Jesse L. Brown (FF-1089), the tank landing ship USS Manitowoc (LST-1180), and the Colombian frigates ARC Independiente (54) and ARC Antioquia (FM-53).",Category:1989 in Panama,2578x1724
JM,Data-Vengeance/Loadscreens/RealConflict/JM/JM_010_1920x1080.png,A group of well-wishers wait on the flight line to greet students from the Saint George's University School of Medicine in Grenada. The medical students are being flown to the base - DPLA - ae7893a43c62827eef104dad694546f8.jpeg,https://commons.wikimedia.org/wiki/File:A_group_of_well-wishers_wait_on_the_flight_line_to_greet_students_from_the_Saint_George%27s_University_School_of_Medicine_in_Grenada._The_medical_students_are_being_flown_to_the_base_-_DPLA_-_ae7893a43c62827eef104dad694546f8.jpeg,https://upload.wikimedia.org/wikipedia/commons/b/bf/A_group_of_well-wishers_wait_on_the_flight_line_to_greet_students_from_the_Saint_George%27s_University_School_of_Medicine_in_Grenada._The_medical_students_are_being_flown_to_the_base_-_DPLA_-_ae7893a43c62827eef104dad694546f8.jpeg?utm_source=commons.wikimedia.org&utm_campaign=imageinfo&utm_content=original,Public domain,,Department of Defense. American Forces Information Service. Defense Visual Information Center. 1994,"26 October 1983 date QS:P571,+1983-10-26T00:00:00Z/11",The original finding aid described this photograph as: Subject Operation/Series: URGENT FURY Base: Charleston Air Force Base State: South Carolina (SC) Country: United States Of America (USA) Scene Camera Operator: Unknown Release Status: Released to Public,Category:Operation Urgent Fury,2790x1860
TM,Data-Vengeance/Loadscreens/RealConflict/TM/TM_004_1920x1080.png,A US serviceman armed with an M16A1 rifle in front of a secured building during Operation URGENT FURY.jpg,https://commons.wikimedia.org/wiki/File:A_US_serviceman_armed_with_an_M16A1_rifle_in_front_of_a_secured_building_during_Operation_URGENT_FURY.jpg,https://upload.wikimedia.org/wikipedia/commons/a/ac/A_US_serviceman_armed_with_an_M16A1_rifle_in_front_of_a_secured_building_during_Operation_URGENT_FURY.jpg?utm_source=commons.wikimedia.org&utm_campaign=imageinfo&utm_content=original,Public domain,,"TSGT M. J. Creen, US Air Force",1983-10-28,A US serviceman armed with an M16A1 rifle in front of a secured building during Operation URGENT FURY.,Category:Operation Urgent Fury,3026x1980
JM,Data-Vengeance/Loadscreens/RealConflict/JM/JM_011_1920x1080.png,UH-1N Operation Urgent Fury Grenada 1983.JPEG,https://commons.wikimedia.org/wiki/File:UH-1N_Operation_Urgent_Fury_Grenada_1983.JPEG,https://upload.wikimedia.org/wikipedia/commons/4/4c/UH-1N_Operation_Urgent_Fury_Grenada_1983.JPEG?utm_source=commons.wikimedia.org&utm_campaign=imageinfo&utm_content=original,Public domain,,SPC Gregory Tully,1983-10-25,"A U.S. Marine Corps Bell UH-1N Huey helicopter from Marine medium helicopter transport squadron HMM-261 Raging Bulls during ""Operation Urgent Fury"" on 25 October 1983. The helicopter is equipped with door-mounted M60D machine guns.",Category:Operation Urgent Fury,3000x2010
AF,Data-Vengeance/Loadscreens/RealConflict/AF/AF_010_1920x1080.png,82nd Airborne troops jump from C-141B over Honduras 1988.JPEG,https://commons.wikimedia.org/wiki/File:82nd_Airborne_troops_jump_from_C-141B_over_Honduras_1988.JPEG,https://upload.wikimedia.org/wikipedia/commons/c/c4/82nd_Airborne_troops_jump_from_C-141B_over_Honduras_1988.JPEG?utm_source=commons.wikimedia.org&utm_campaign=imageinfo&utm_content=original,Public domain,,"TSgt. Bom Simmons, USAF",1988-03-01,"Members of the U.S. Army 82nd Airborne Division jump from a USAF Lockheed C-141B Starlifter aircraft over Honduras on 1 March 1988. U.S. President Ronald Reagan mobilized U.S. exercise task force Dragon/Golden Pheasant, consisting of both the 82nd Airborne Division and the 7th Light Infantry Division, to help discourage Nicaraguan forces from entering Honduras.",Category:Operation Golden Pheasant,2492x1681
JM,Data-Vengeance/Loadscreens/RealConflict/JM/JM_012_1920x1080.png,Governor-General Sir Paul Scoon speaks to members of the media after taking over as head of the new provisional government that was formed after Operation URGENT FURY - DPLA - 4ae90236251d783c70e54f89cd345be3.jpeg,https://commons.wikimedia.org/wiki/File:Governor-General_Sir_Paul_Scoon_speaks_to_members_of_the_media_after_taking_over_as_head_of_the_new_provisional_government_that_was_formed_after_Operation_URGENT_FURY_-_DPLA_-_4ae90236251d783c70e54f89cd345be3.jpeg,https://upload.wikimedia.org/wikipedia/commons/0/08/Governor-General_Sir_Paul_Scoon_speaks_to_members_of_the_media_after_taking_over_as_head_of_the_new_provisional_government_that_was_formed_after_Operation_URGENT_FURY_-_DPLA_-_4ae90236251d783c70e54f89cd345be3.jpeg?utm_source=commons.wikimedia.org&utm_campaign=imageinfo&utm_content=original,Public domain,,Department of Defense. American Forces Information Service. Defense Visual Information Center. 1994,"9 November 1983 date QS:P571,+1983-11-09T00:00:00Z/11",The original finding aid described this photograph as: Subject Operation/Series: URGENT FURY Country: Grenada (GRD) Scene Camera Operator: JOC Gary Miller Release Status: Released to Public,Category:Operation Urgent Fury,2860x1890
JM,Data-Vengeance/Loadscreens/RealConflict/JM/JM_013_1920x1080.png,Handbill distributed by US Forces during the invasion of Grenada.JPG,https://commons.wikimedia.org/wiki/File:Handbill_distributed_by_US_Forces_during_the_invasion_of_Grenada.JPG,https://upload.wikimedia.org/wikipedia/commons/9/95/Handbill_distributed_by_US_Forces_during_the_invasion_of_Grenada.JPG?utm_source=commons.wikimedia.org&utm_campaign=imageinfo&utm_content=original,Public domain,,EDomingos ( talk ),1983-10,"Handbill distributed by US Forces during the invasion of Grenada. The picture, taken the day after the invasion, on October 26, 1983 - includes (foreground) an Army Psychological Warfare leaflet prepared in advance and dropped by US Air Forces during the invasion of Grenada + and (background) Army Rangers marching through on day two finding the leaflets on the ground. Army Psychological Warfare units became operational on the island a few days later, to operate the AN/TRT-22 radio transmitter that replaced the Radio Grenada transmitter destroyed during the fighting. The ""handbill"" was also handed out during the invasion.",Category:Operation Urgent Fury,2795x1670
JM,Data-Vengeance/Loadscreens/RealConflict/JM/JM_014_1920x1080.png,American woman sits in the front seat of an M151A1 light vehicle with a US military infantryman.jpg,https://commons.wikimedia.org/wiki/File:American_woman_sits_in_the_front_seat_of_an_M151A1_light_vehicle_with_a_US_military_infantryman.jpg,https://upload.wikimedia.org/wikipedia/commons/0/0a/American_woman_sits_in_the_front_seat_of_an_M151A1_light_vehicle_with_a_US_military_infantryman.jpg?utm_source=commons.wikimedia.org&utm_campaign=imageinfo&utm_content=original,Public domain,,JOC Gary Miller,1983-11-09,"An American woman sits in the front seat of an M151A1 1/4-ton light vehicle with a US military infantryman prior to being evacuated from the island during Operation URGENT FURY. The vehicle has an M60 machine gun mounted on it, and another M60 is on the right side of the hood with an M203 grenade launcher mounted on an M16A1 rifle on the left.",Category:Operation Urgent Fury,2850x1900
AF,Data-Vengeance/Loadscreens/RealConflict/AF/AF_011_1920x1080.png,Army CHIEF of STAFF General (GEN) Carl E. Vuono speaks with a staff sergeant from the 25th Infantry Division (Light) during a visit to the training area - DPLA - 96113e797633620020a81a06e5c108fd.jpeg,https://commons.wikimedia.org/wiki/File:Army_CHIEF_of_STAFF_General_(GEN)_Carl_E._Vuono_speaks_with_a_staff_sergeant_from_the_25th_Infantry_Division_(Light)_during_a_visit_to_the_training_area_-_DPLA_-_96113e797633620020a81a06e5c108fd.jpeg,https://upload.wikimedia.org/wikipedia/commons/7/76/Army_CHIEF_of_STAFF_General_%28GEN%29_Carl_E._Vuono_speaks_with_a_staff_sergeant_from_the_25th_Infantry_Division_%28Light%29_during_a_visit_to_the_training_area_-_DPLA_-_96113e797633620020a81a06e5c108fd.jpeg?utm_source=commons.wikimedia.org&utm_campaign=imageinfo&utm_content=original,Public domain,,Department of Defense. American Forces Information Service. Defense Visual Information Center. 1994,"23 April 1989 date QS:P571,+1989-04-23T00:00:00Z/11",The original finding aid described this photograph as: Subject Operation/Series: GOLDEN PHEASANT Base: Pohakuloa Training Area State: Hawaii (HI) Country: United States Of America (USA) Scene Camera Operator: Nathaniel H. Mcbride Release Status: Released to Public,Category:Operation Golden Pheasant,3000x2007
AF,Data-Vengeance/Loadscreens/RealConflict/AF/AF_012_1920x1080.png,UH1H - Honduras - 1988.jpg,https://commons.wikimedia.org/wiki/File:UH1H_-_Honduras_-_1988.jpg,https://upload.wikimedia.org/wikipedia/commons/9/9b/UH1H_-_Honduras_-_1988.jpg?utm_source=commons.wikimedia.org&utm_campaign=imageinfo&utm_content=original,CC0,http://creativecommons.org/publicdomain/zero/1.0/deed.en,Tgarland123,1988-06-06,"UH-1H crew, Honduras, 1988. Left to Right: Garland, Nestor, Brown, Ferguson, Showers, Disney",Category:Operation Golden Pheasant,2945x2036
JM,Data-Vengeance/Loadscreens/RealConflict/JM/JM_015_1920x1080.png,CH-46 HMM-261 on Grenada 1983.JPEG,https://commons.wikimedia.org/wiki/File:CH-46_HMM-261_on_Grenada_1983.JPEG,https://upload.wikimedia.org/wikipedia/commons/1/17/CH-46_HMM-261_on_Grenada_1983.JPEG?utm_source=commons.wikimedia.org&utm_campaign=imageinfo&utm_content=original,Public domain,,TSgt. Mike Creen,1983-11-03,"A U.S. Marine Corps Boeing CH-46E Sea Knight helicopter (BuNo 157654) from Marine Medium Helicopter Squadron (HMM) 261 Raging Bulls awaits Rangers from 2nd Battalion to load prior to rescue of students from Grand Anse Beach Campus during ""Operation Urgent Fury"", the invasion of Grenada, on 3 November 1983.",Category:United States Marine Corps in Grenada,3000x1979
JM,Data-Vengeance/Loadscreens/RealConflict/JM/JM_016_1920x1080.png,Combatiente con RPG.jpg,https://commons.wikimedia.org/wiki/File:Combatiente_con_RPG.jpg,https://upload.wikimedia.org/wikipedia/commons/9/9e/Combatiente_con_RPG.jpg?utm_source=commons.wikimedia.org&utm_campaign=imageinfo&utm_content=original,Public domain,,Dora María Téllez,Taken in June 1979,"Utilizando los ""bastones chinos"". Insurrección de León 1979 Imágenes de las acciones militares durante la insurrección de León y de la destrucción causada por los bombardeos de la Fuerza Aérea Nicaragüense (FAN) de la GN. durante los meses de junio y julio de 1979",Category:Nicaraguan Revolution,2085x1256
JM,Data-Vengeance/Loadscreens/RealConflict/JM/JM_017_1920x1080.png,A medic applies a band-aid to the leg of a Grenadian child during Operation URGENT FURY - DPLA - 98b7e432ca8d0a89dd297983d2bdade0.jpeg,https://commons.wikimedia.org/wiki/File:A_medic_applies_a_band-aid_to_the_leg_of_a_Grenadian_child_during_Operation_URGENT_FURY_-_DPLA_-_98b7e432ca8d0a89dd297983d2bdade0.jpeg,https://upload.wikimedia.org/wikipedia/commons/2/29/A_medic_applies_a_band-aid_to_the_leg_of_a_Grenadian_child_during_Operation_URGENT_FURY_-_DPLA_-_98b7e432ca8d0a89dd297983d2bdade0.jpeg?utm_source=commons.wikimedia.org&utm_campaign=imageinfo&utm_content=original,Public domain,,Department of Defense. American Forces Information Service. Defense Visual Information Center. 1994,"3 November 1983 date QS:P571,+1983-11-03T00:00:00Z/11",The original finding aid described this photograph as: Subject Operation/Series: URGENT FURY Country: Grenada (GRD) Scene Camera Operator: TSGT Mike Creen Release Status: Released to Public,Category:Operation Urgent Fury,2990x1990
JM,Data-Vengeance/Loadscreens/RealConflict/JM/JM_018_1920x1080.png,"Chairman of the Joint Chiefs of Staff, General John W. Vessey Jr., on the island to observe Operation URGENT FURY.jpg","https://commons.wikimedia.org/wiki/File:Chairman_of_the_Joint_Chiefs_of_Staff,_General_John_W._Vessey_Jr.,_on_the_island_to_observe_Operation_URGENT_FURY.jpg",https://upload.wikimedia.org/wikipedia/commons/c/ce/Chairman_of_the_Joint_Chiefs_of_Staff%2C_General_John_W._Vessey_Jr.%2C_on_the_island_to_observe_Operation_URGENT_FURY.jpg?utm_source=commons.wikimedia.org&utm_campaign=imageinfo&utm_content=original,Public domain,,"TSGT M. J. Creen, US Air Force",1983-11-04,"Chairman of the Joint Chiefs of Staff, General John W. Vessey Jr., on the island to observe Operation URGENT FURY.",Category:Operation Urgent Fury,3030x1982
TM,Data-Vengeance/Loadscreens/RealConflict/TM/TM_005_1920x1080.png,Marines patrol the town of Saint Georges with the use of tracked personnel landing vehicles (LVTP7) during Operation URGENT FURY.jpg,https://commons.wikimedia.org/wiki/File:Marines_patrol_the_town_of_Saint_Georges_with_the_use_of_tracked_personnel_landing_vehicles_(LVTP7)_during_Operation_URGENT_FURY.jpg,https://upload.wikimedia.org/wikipedia/commons/4/47/Marines_patrol_the_town_of_Saint_Georges_with_the_use_of_tracked_personnel_landing_vehicles_%28LVTP7%29_during_Operation_URGENT_FURY.jpg?utm_source=commons.wikimedia.org&utm_campaign=imageinfo&utm_content=original,Public domain,,"Journalist Petty Officer 1st Class (JO1) Peter D. Sundberg, US Navy",1983-10-28,Marines patrol the town of Saint Georges with the use of tracked personnel landing vehicles (LVTP7) during Operation URGENT FURY.,Category:United States Marine Corps in Grenada,2860x1890
AF,Data-Vengeance/Loadscreens/RealConflict/AF/AF_013_1920x1080.png,A CH-47 Chinook helicopter externally transports four water bladders to the field during Operation GOLDEN PHEASANT - DPLA - fa84e5fcaa7dc91dcf58fa3e908fb2f2.jpeg,https://commons.wikimedia.org/wiki/File:A_CH-47_Chinook_helicopter_externally_transports_four_water_bladders_to_the_field_during_Operation_GOLDEN_PHEASANT_-_DPLA_-_fa84e5fcaa7dc91dcf58fa3e908fb2f2.jpeg,https://upload.wikimedia.org/wikipedia/commons/8/85/A_CH-47_Chinook_helicopter_externally_transports_four_water_bladders_to_the_field_during_Operation_GOLDEN_PHEASANT_-_DPLA_-_fa84e5fcaa7dc91dcf58fa3e908fb2f2.jpeg?utm_source=commons.wikimedia.org&utm_campaign=imageinfo&utm_content=original,Public domain,,Department of Defense. American Forces Information Service. Defense Visual Information Center. 1994,"19 March 1988 date QS:P571,+1988-03-19T00:00:00Z/11",The original finding aid described this photograph as: Subject Operation/Series: GOLDEN PHEASANT Base: Tamara Country: Honduras (HND) Scene Camera Operator: Nathaniel H. Mcbride Release Status: Released to Public,Category:Operation Golden Pheasant,2820x1870
JM,Data-Vengeance/Loadscreens/RealConflict/JM/JM_019_1920x1080.png,20250723 Presentacion Cartas Credenciales-César Carrión2.jpg,https://commons.wikimedia.org/wiki/File:20250723_Presentacion_Cartas_Credenciales-C%C3%A9sar_Carri%C3%B3n2.jpg,https://upload.wikimedia.org/wikipedia/commons/3/3e/20250723_Presentacion_Cartas_Credenciales-C%C3%A9sar_Carri%C3%B3n2.jpg?utm_source=commons.wikimedia.org&utm_campaign=imageinfo&utm_content=original,Public domain,,Fotografía oficial de la Presidencia de Colombia - César Carrión,2025-07-23 16:48:42,Soldado de Colombia luciendo uniforme de gala,Category:Army of Colombia,4608x3072
JM,Data-Vengeance/Loadscreens/RealConflict/JM/JM_020_1920x1080.png,Dignity Battalion on parade.jpg,https://commons.wikimedia.org/wiki/File:Dignity_Battalion_on_parade.jpg,https://upload.wikimedia.org/wikipedia/commons/5/57/Dignity_Battalion_on_parade.jpg?utm_source=commons.wikimedia.org&utm_campaign=imageinfo&utm_content=original,Public domain,,"PH1 (Sw) J. Elliott, US Navy",1989-11-28,"Members of one of General Manuel Noriega's loosely organized ""Dignity Battalions"" march through the streets of the city during a protest against the US presence in Panama.",Category:1989 in Panama,2830x1880
AF,Data-Vengeance/Loadscreens/RealConflict/AF/AF_014_1920x1080.png,Honduran troops listen to an instructor from the 82nd Airborne Division during Operation GOLDEN PHEASANT DA-SC-89-11589.jpg,https://commons.wikimedia.org/wiki/File:Honduran_troops_listen_to_an_instructor_from_the_82nd_Airborne_Division_during_Operation_GOLDEN_PHEASANT_DA-SC-89-11589.jpg,https://upload.wikimedia.org/wikipedia/commons/6/68/Honduran_troops_listen_to_an_instructor_from_the_82nd_Airborne_Division_during_Operation_GOLDEN_PHEASANT_DA-SC-89-11589.jpg?utm_source=commons.wikimedia.org&utm_campaign=imageinfo&utm_content=original,Public domain,,Nathaniel H. Mcbride,1988-03-19,Honduran troops listen to an instructor from the 82nd Airborne Division during Operation GOLDEN PHEASANT.,Category:Operation Golden Pheasant,2820x1870
AF,Data-Vengeance/Loadscreens/RealConflict/AF/AF_015_1920x1080.png,"Local villagers watch as members of the 1ST Battalion, 504th Parachute Infantry Regiment, 82nd Airborne Division, prepare for transport back to Palmerola Air Base. The troops are pa - DPLA - a11a41170be40cb8de63fd8a9aa4c088.jpeg","https://commons.wikimedia.org/wiki/File:Local_villagers_watch_as_members_of_the_1ST_Battalion,_504th_Parachute_Infantry_Regiment,_82nd_Airborne_Division,_prepare_for_transport_back_to_Palmerola_Air_Base._The_troops_are_pa_-_DPLA_-_a11a41170be40cb8de63fd8a9aa4c088.jpeg",https://upload.wikimedia.org/wikipedia/commons/1/15/Local_villagers_watch_as_members_of_the_1ST_Battalion%2C_504th_Parachute_Infantry_Regiment%2C_82nd_Airborne_Division%2C_prepare_for_transport_back_to_Palmerola_Air_Base._The_troops_are_pa_-_DPLA_-_a11a41170be40cb8de63fd8a9aa4c088.jpeg?utm_source=commons.wikimedia.org&utm_campaign=imageinfo&utm_content=original,Public domain,,Department of Defense. American Forces Information Service. Defense Visual Information Center. 1994,"1 March 1988 date QS:P571,+1988-03-01T00:00:00Z/11","The original finding aid described this photograph as: Base: Judicalpa Country: Honduras (HND) Scene Camera Operator: TSGT Bob Simons, USAF Release Status: Released to Public",Category:Operation Golden Pheasant,3000x2000
AF,Data-Vengeance/Loadscreens/RealConflict/AF/AF_016_1920x1080.png,An Air Force Special Activities Center (AFSAC) Human Intelligence Resources (HUMINT) Augmentation Team (HAT) administration kit is loaded aboard a CH-3 helicopter. The kit will be p - DPLA - a581da7ca66d7b415ee4c64de970a374.jpeg,https://commons.wikimedia.org/wiki/File:An_Air_Force_Special_Activities_Center_(AFSAC)_Human_Intelligence_Resources_(HUMINT)_Augmentation_Team_(HAT)_administration_kit_is_loaded_aboard_a_CH-3_helicopter._The_kit_will_be_p_-_DPLA_-_a581da7ca66d7b415ee4c64de970a374.jpeg,https://upload.wikimedia.org/wikipedia/commons/1/11/An_Air_Force_Special_Activities_Center_%28AFSAC%29_Human_Intelligence_Resources_%28HUMINT%29_Augmentation_Team_%28HAT%29_administration_kit_is_loaded_aboard_a_CH-3_helicopter._The_kit_will_be_p_-_DPLA_-_a581da7ca66d7b415ee4c64de970a374.jpeg?utm_source=commons.wikimedia.org&utm_campaign=imageinfo&utm_content=original,Public domain,,Department of Defense. American Forces Information Service. Defense Visual Information Center. 1994,"28 October 1983 date QS:P571,+1983-10-28T00:00:00Z/11",The original finding aid described this photograph as: Subject Operation/Series: URGENT FURY Country: Unknown Scene Camera Operator: Unknown Release Status: Released to Public,Category:Operation Urgent Fury,2760x1880
AR,Data-Vengeance/Loadscreens/RealConflict/AR/AR_003_1920x1080.png,"A column of M113 armored personnel carriers from 4th Battalion, 6th Infantry, 5th Infantry Division (Mech.), passes Howard Air Force Base while en route to Panama City from Naval St - DPLA - 6d73fb5a9cc98514f1bec107950424d4.jpeg","https://commons.wikimedia.org/wiki/File:A_column_of_M113_armored_personnel_carriers_from_4th_Battalion,_6th_Infantry,_5th_Infantry_Division_(Mech.),_passes_Howard_Air_Force_Base_while_en_route_to_Panama_City_from_Naval_St_-_DPLA_-_6d73fb5a9cc98514f1bec107950424d4.jpeg",https://upload.wikimedia.org/wikipedia/commons/c/cc/A_column_of_M113_armored_personnel_carriers_from_4th_Battalion%2C_6th_Infantry%2C_5th_Infantry_Division_%28Mech.%29%2C_passes_Howard_Air_Force_Base_while_en_route_to_Panama_City_from_Naval_St_-_DPLA_-_6d73fb5a9cc98514f1bec107950424d4.jpeg?utm_source=commons.wikimedia.org&utm_campaign=imageinfo&utm_content=original,Public domain,,Department of Defense. American Forces Information Service. Defense Visual Information Center. 1994,"20 November 1989 date QS:P571,+1989-11-20T00:00:00Z/11",The original finding aid described this photograph as: Country: Panama (PAN) Scene Camera Operator: PH1(Sw) J. Elliott Release Status: Released to Public,Category:1989 in Panama,2870x1970
AF,Data-Vengeance/Loadscreens/RealConflict/AF/AF_017_1920x1080.png,Members of the 82nd Airborne Division are deployed in the field by a CH-47 Chinook helicopter during a mobilization of U.S. exercise task force Dragon-Golden Pheasant. The task forc - DPLA - 87b5135c9de6977804cf0ee28404107e.jpeg,https://commons.wikimedia.org/wiki/File:Members_of_the_82nd_Airborne_Division_are_deployed_in_the_field_by_a_CH-47_Chinook_helicopter_during_a_mobilization_of_U.S._exercise_task_force_Dragon-Golden_Pheasant._The_task_forc_-_DPLA_-_87b5135c9de6977804cf0ee28404107e.jpeg,https://upload.wikimedia.org/wikipedia/commons/2/2f/Members_of_the_82nd_Airborne_Division_are_deployed_in_the_field_by_a_CH-47_Chinook_helicopter_during_a_mobilization_of_U.S._exercise_task_force_Dragon-Golden_Pheasant._The_task_forc_-_DPLA_-_87b5135c9de6977804cf0ee28404107e.jpeg?utm_source=commons.wikimedia.org&utm_campaign=imageinfo&utm_content=original,Public domain,,Department of Defense. American Forces Information Service. Defense Visual Information Center. 1994,"1 March 1988 date QS:P571,+1988-03-01T00:00:00Z/11",The original finding aid described this photograph as: Subject Operation/Series: DRAGON/GOLDEN PHEASANT Base: Palmerola Air Base Country: Honduras (HND) Scene Camera Operator: STAFF SGT. Scott Stewart Release Status: Released to Public,Category:Operation Golden Pheasant,2810x1880
JM,Data-Vengeance/Loadscreens/RealConflict/JM/JM_021_1920x1080.png,Explosion1 during Grenada invasion 1983.JPEG,https://commons.wikimedia.org/wiki/File:Explosion1_during_Grenada_invasion_1983.JPEG,https://upload.wikimedia.org/wikipedia/commons/4/4d/Explosion1_during_Grenada_invasion_1983.JPEG?utm_source=commons.wikimedia.org&utm_campaign=imageinfo&utm_content=original,Public domain,,Spec. Long,1983-10-25,"An explosion during ""Operation Urgent Fury"", Grenada, 25 October 1983.",Category:Operation Urgent Fury,2840x1900
AF,Data-Vengeance/Loadscreens/RealConflict/AF/AF_018_1920x1080.png,82d Airborne jeep Urgent Fury 1983.JPEG,https://commons.wikimedia.org/wiki/File:82d_Airborne_jeep_Urgent_Fury_1983.JPEG,https://upload.wikimedia.org/wikipedia/commons/c/c9/82d_Airborne_jeep_Urgent_Fury_1983.JPEG?utm_source=commons.wikimedia.org&utm_campaign=imageinfo&utm_content=original,Public domain,,Unknown author Unknown author,1983-10-01,"U.S. Army soldiers of the 82nd Airborne Division in a heavily loaded M151 light vehicle prepare to depart for Grenada from Pope Air Force Base, North Carolina (USA), in preparation of ""Operation Urgent Fury"", 1 October 1983.",Category:82nd Airborne Division in Operation Urgent Fury,2800x1820
JM,Data-Vengeance/Loadscreens/RealConflict/JM/JM_022_1920x1080.png,Mk 153 SMAW Panama.jpg,https://commons.wikimedia.org/wiki/File:Mk_153_SMAW_Panama.jpg,https://upload.wikimedia.org/wikipedia/commons/d/df/Mk_153_SMAW_Panama.jpg?utm_source=commons.wikimedia.org&utm_campaign=imageinfo&utm_content=original,Public domain,,STAFF SGT. Laird,1989-01-01,"A Marine of 4th Platoon, Fleet Anti-terrorist Security Team (FAST) Company, prepares to fire a shoulder-launched multipurpose assault weapon (SMAW) in Panama.",Category:1989 in Panama,2820x1920
JM,Data-Vengeance/Loadscreens/RealConflict/JM/JM_023_1920x1080.png,A US Navy lieutenant talks with members of the media during Operation URGENT FURY - DPLA - b87f4a74ae7327a6707ebb4f05b2874e.jpeg,https://commons.wikimedia.org/wiki/File:A_US_Navy_lieutenant_talks_with_members_of_the_media_during_Operation_URGENT_FURY_-_DPLA_-_b87f4a74ae7327a6707ebb4f05b2874e.jpeg,https://upload.wikimedia.org/wikipedia/commons/1/1f/A_US_Navy_lieutenant_talks_with_members_of_the_media_during_Operation_URGENT_FURY_-_DPLA_-_b87f4a74ae7327a6707ebb4f05b2874e.jpeg?utm_source=commons.wikimedia.org&utm_campaign=imageinfo&utm_content=original,Public domain,,Department of Defense. American Forces Information Service. Defense Visual Information Center. 1994,"9 November 1983 date QS:P571,+1983-11-09T00:00:00Z/11",The original finding aid described this photograph as: Subject Operation/Series: URGENT FURY Country: Grenada (GRD) Scene Camera Operator: JOC Gary Miller Release Status: Released to Public,Category:Operation Urgent Fury,2850x1910
JM,Data-Vengeance/Loadscreens/RealConflict/JM/JM_024_1920x1080.png,UH-1N and CH-53D at Grenada 1983.JPEG,https://commons.wikimedia.org/wiki/File:UH-1N_and_CH-53D_at_Grenada_1983.JPEG,https://upload.wikimedia.org/wikipedia/commons/2/2a/UH-1N_and_CH-53D_at_Grenada_1983.JPEG?utm_source=commons.wikimedia.org&utm_campaign=imageinfo&utm_content=original,Public domain,,SPC Douglas Ide,1983-10-25,"A U.S. Marine Corps Bell UH-1N Huey helicopter from Marine medium helicopter transport squadron HMM-261 Raging Bulls during ""Operation Urgent Fury"" on 25 October 1983. The helicopter is equipped with door-mounted M60D machine guns. In the background is a Sikorsky CH-53D Stallion helicopter.",Category:Operation Urgent Fury,2810x1850
JM,Data-Vengeance/Loadscreens/RealConflict/JM/JM_025_1920x1080.png,Operation CHISUM 03.jpg,https://commons.wikimedia.org/wiki/File:Operation_CHISUM_03.jpg,https://upload.wikimedia.org/wikipedia/commons/a/ad/Operation_CHISUM_03.jpg?utm_source=commons.wikimedia.org&utm_campaign=imageinfo&utm_content=original,Public domain,,PH1 (Sw) J. Elliott,1989-10-31,"Three Marines from from Company D, 2nd Light Armored Infantry Battalion, survey the situation from the back of an LAV25 light armored vehicles during Operation CHISUM, a route reconnaissance patrol. Supporters of General Manuel Noriega had blocked the road with vehicles and refused to allow the patrol from entering the town.",Category:1989 in Panama,2830x1870
JM,Data-Vengeance/Loadscreens/RealConflict/JM/JM_026_1920x1080.png,Planes Trailing the National Colors Roar Overhead (29956997005).jpg,https://commons.wikimedia.org/wiki/File:Planes_Trailing_the_National_Colors_Roar_Overhead_(29956997005).jpg,https://upload.wikimedia.org/wikipedia/commons/6/6e/Planes_Trailing_the_National_Colors_Roar_Overhead_%2829956997005%29.jpg?utm_source=commons.wikimedia.org&utm_campaign=imageinfo&utm_content=original,Public domain,,U.S. Department of State from United States,2016-09-26 17:33,"Planes trailing the national colors of Colombia roar overhead after Colombian President Juan Manuel Santos and FARC leader Timoleón Jiménez signed a peace accord as U.S. Secretary of State John Kerry sat in a plaza outside the Cartagena Indias Convention Center in Cartagena, Colombia, on September 26, 2016, while attending a peace ceremony between the government and the Revolutionary Armed Forces of Colombia (FARC) that ended a five-decade conflict. [State Department Photo/Public Domain]",Category:Colombian armed conflict,4914x3270
AF,Data-Vengeance/Loadscreens/RealConflict/AF/AF_019_1920x1080.png,"STAFF Sergeant (SSG) Alejandro Velazquez from the 2nd Battalion, 504th Parachute Infantry Regiment, 82nd Airborne Division, discusses battle drills of platoon and squad movements wi - DPLA - d02d3d4f0c05d11baa393ee2270c9993.jpeg","https://commons.wikimedia.org/wiki/File:STAFF_Sergeant_(SSG)_Alejandro_Velazquez_from_the_2nd_Battalion,_504th_Parachute_Infantry_Regiment,_82nd_Airborne_Division,_discusses_battle_drills_of_platoon_and_squad_movements_wi_-_DPLA_-_d02d3d4f0c05d11baa393ee2270c9993.jpeg",https://upload.wikimedia.org/wikipedia/commons/1/17/STAFF_Sergeant_%28SSG%29_Alejandro_Velazquez_from_the_2nd_Battalion%2C_504th_Parachute_Infantry_Regiment%2C_82nd_Airborne_Division%2C_discusses_battle_drills_of_platoon_and_squad_movements_wi_-_DPLA_-_d02d3d4f0c05d11baa393ee2270c9993.jpeg?utm_source=commons.wikimedia.org&utm_campaign=imageinfo&utm_content=original,Public domain,,Department of Defense. American Forces Information Service. Defense Visual Information Center. 1994,"1 March 1988 date QS:P571,+1988-03-01T00:00:00Z/11","The original finding aid described this photograph as: Base: Judicalpa Country: Honduras (HND) Scene Camera Operator: TSGT Bob Simons, USAF Release Status: Released to Public",Category:Operation Golden Pheasant,3000x1986
AF,Data-Vengeance/Loadscreens/RealConflict/AF/AF_020_1920x1080.png,Members of the 82nd Airborne Division wait to board an aircraft at Point Salines Airport during Operation URGENT FURY.jpg,https://commons.wikimedia.org/wiki/File:Members_of_the_82nd_Airborne_Division_wait_to_board_an_aircraft_at_Point_Salines_Airport_during_Operation_URGENT_FURY.jpg,https://upload.wikimedia.org/wikipedia/commons/c/c8/Members_of_the_82nd_Airborne_Division_wait_to_board_an_aircraft_at_Point_Salines_Airport_during_Operation_URGENT_FURY.jpg?utm_source=commons.wikimedia.org&utm_campaign=imageinfo&utm_content=original,Public domain,,"TSGT M. J. Creen, US Air Force",1983-11-04,Members of the 82nd Airborne Division wait to board an aircraft at Point Salines Airport during Operation URGENT FURY.,Category:82nd Airborne Division in Operation Urgent Fury,3030x1979
JM,Data-Vengeance/Loadscreens/RealConflict/JM/JM_027_1920x1080.png,A Marine armed with an M16A1 rifle escorts a captured member of the Peoples Revolutionary Army during Operation URGENT FURY.jpg,https://commons.wikimedia.org/wiki/File:A_Marine_armed_with_an_M16A1_rifle_escorts_a_captured_member_of_the_Peoples_Revolutionary_Army_during_Operation_URGENT_FURY.jpg,https://upload.wikimedia.org/wikipedia/commons/a/a2/A_Marine_armed_with_an_M16A1_rifle_escorts_a_captured_member_of_the_Peoples_Revolutionary_Army_during_Operation_URGENT_FURY.jpg?utm_source=commons.wikimedia.org&utm_campaign=imageinfo&utm_content=original,Public domain,,"Journalist Petty Officer 1st Class (JO1) Sundberg, US Navy",1983-10-28,A Marine armed with an M16A1 rifle escorts a captured member of the Peoples Revolutionary Army during Operation URGENT FURY.,Category:United States Marine Corps in Grenada,2840x1910
JM,Data-Vengeance/Loadscreens/RealConflict/JM/JM_028_1920x1080.png,"Entierro de ""Abel"" Guadalupe Moreno.jpg",https://commons.wikimedia.org/wiki/File:Entierro_de_%22Abel%22_Guadalupe_Moreno.jpg,https://upload.wikimedia.org/wikipedia/commons/e/e7/Entierro_de_%22Abel%22_Guadalupe_Moreno.jpg?utm_source=commons.wikimedia.org&utm_campaign=imageinfo&utm_content=original,Public domain,,Dora María Téllez,Taken in June 1979,"Leopoldo Rivas, Dora María, Ana Isabel Morales. Junio 1979. Insurrección de León 1979 Imágenes de las acciones militares durante la insurrección de León y de la destrucción causada por los bombardeos de la Fuerza Aérea Nicaragüense (FAN) de la GN. durante los meses de junio y julio de 1979",Category:Nicaraguan Revolution,3936x3144
AF,Data-Vengeance/Loadscreens/RealConflict/AF/AF_021_1920x1080.png,Members of the 82nd Airborne Division keep watch as they pause in a dry creek bed during Operation GOLDEN PHEASANT. Behind them is an M998 high mobility multi-purpose wheeled vehicl - DPLA - c4e48cbd0b726a1e83bdb96dfa9c45d4.jpeg,https://commons.wikimedia.org/wiki/File:Members_of_the_82nd_Airborne_Division_keep_watch_as_they_pause_in_a_dry_creek_bed_during_Operation_GOLDEN_PHEASANT._Behind_them_is_an_M998_high_mobility_multi-purpose_wheeled_vehicl_-_DPLA_-_c4e48cbd0b726a1e83bdb96dfa9c45d4.jpeg,https://upload.wikimedia.org/wikipedia/commons/0/0a/Members_of_the_82nd_Airborne_Division_keep_watch_as_they_pause_in_a_dry_creek_bed_during_Operation_GOLDEN_PHEASANT._Behind_them_is_an_M998_high_mobility_multi-purpose_wheeled_vehicl_-_DPLA_-_c4e48cbd0b726a1e83bdb96dfa9c45d4.jpeg?utm_source=commons.wikimedia.org&utm_campaign=imageinfo&utm_content=original,Public domain,,Department of Defense. American Forces Information Service. Defense Visual Information Center. 1994,"19 March 1988 date QS:P571,+1988-03-19T00:00:00Z/11",The original finding aid described this photograph as: Subject Operation/Series: GOLDEN PHEASANT Base: Tamara Country: Honduras (HND) Scene Camera Operator: Nathaniel H. Mcbride Release Status: Released to Public,Category:Operation Golden Pheasant,3000x1989
JM,Data-Vengeance/Loadscreens/RealConflict/JM/JM_029_1920x1080.png,Gen Mario Montoya.JPG,https://commons.wikimedia.org/wiki/File:Gen_Mario_Montoya.JPG,https://upload.wikimedia.org/wikipedia/commons/9/97/Gen_Mario_Montoya.JPG?utm_source=commons.wikimedia.org&utm_campaign=imageinfo&utm_content=original,Public domain,,Jose Saez,2008-07-22,"Colombian army Gen. Mario Montoya Uribe, the commander of the Colombian National Army, gives a speech during the opening ceremony of the Senior Enlisted Leaders Conference (SELC) in Bogota, Colombia, July 22, 2008. The SELC helps to build and maintain personal relationships that foster cooperation between the United States and the 32 countries of Latin America and the Caribbean. (U.S. Army photo by Jose Saez/Released)",Category:Army of Colombia,3000x1993
JM,Data-Vengeance/Loadscreens/RealConflict/JM/JM_030_1920x1080.png,Operation CHISUM 02.jpg,https://commons.wikimedia.org/wiki/File:Operation_CHISUM_02.jpg,https://upload.wikimedia.org/wikipedia/commons/7/73/Operation_CHISUM_02.jpg?utm_source=commons.wikimedia.org&utm_campaign=imageinfo&utm_content=original,Public domain,,PH1 (Sw) J. Elliott,1989-10-31,"A flag-waving protester stands in the middle of a halted column of Marine Corps light armored vehicles on the edge of town during Operation CHISUM, a route reconnaissance patrol. Supporters of General Manuel Noriega had blocked the road with vehicles and refused to allow the patrol from Company D, 2nd Light Armored Infantry Battalion, to proceed through the town.",Category:1989 in Panama,2830x1870
JM,Data-Vengeance/Loadscreens/RealConflict/JM/JM_031_1920x1080.png,Soviet-built bulldozers.JPEG,https://commons.wikimedia.org/wiki/File:Soviet-built_bulldozers.JPEG,https://upload.wikimedia.org/wikipedia/commons/8/83/Soviet-built_bulldozers.JPEG?utm_source=commons.wikimedia.org&utm_campaign=imageinfo&utm_content=original,Public domain,,Spec. 4 Long,1983-10-15,"Soviet-built tracked prime movers that were seized during Operation Urgent Fury. They were being used in the construction of the airport at Pt. Salines: T-100 (left), T-108 (right).",Category:Operation Urgent Fury,2860x1900
AF,Data-Vengeance/Loadscreens/RealConflict/AF/AF_022_1920x1080.png,Marine CH-53 Sea Stallion helicopters are used in the evacuation of American students from the island - DPLA - 4c89117a2b89c8eff8345dd412499426.jpeg,https://commons.wikimedia.org/wiki/File:Marine_CH-53_Sea_Stallion_helicopters_are_used_in_the_evacuation_of_American_students_from_the_island_-_DPLA_-_4c89117a2b89c8eff8345dd412499426.jpeg,https://upload.wikimedia.org/wikipedia/commons/c/c6/Marine_CH-53_Sea_Stallion_helicopters_are_used_in_the_evacuation_of_American_students_from_the_island_-_DPLA_-_4c89117a2b89c8eff8345dd412499426.jpeg?utm_source=commons.wikimedia.org&utm_campaign=imageinfo&utm_content=original,Public domain,,Department of Defense. American Forces Information Service. Defense Visual Information Center. 1994,"26 October 1983 date QS:P571,+1983-10-26T00:00:00Z/11",The original finding aid described this photograph as: Base: Point Salines Country: Grenada (GRD) Scene Camera Operator: Unknown Release Status: Released to Public,Category:United States Marine Corps in Grenada,2682x1748
AF,Data-Vengeance/Loadscreens/RealConflict/AF/AF_023_1920x1080.png,M102 picked up by CH-47.jpg,https://commons.wikimedia.org/wiki/File:M102_picked_up_by_CH-47.jpg,https://upload.wikimedia.org/wikipedia/commons/8/82/M102_picked_up_by_CH-47.jpg?utm_source=commons.wikimedia.org&utm_campaign=imageinfo&utm_content=original,Public domain,,"TSGT BOB SIMONS, USAF",1988-03-01,"A CH-47 Chinook helicopter picks up an M102 105 mm Howitzer for transport to the 3rd Battalion, 319th Artillery Regiment, 82nd Airborne Division, during a joint artillery training exercise. President Ronald Reagan mobilized US Exercise Task Force DRAGON/GOLDEN PHEASANT, consisting of both the 82nd Airborne Division and the 7th Light Infantry Division, to help discourage Nicaraguan forces from entering Honduras.",Category:Operation Golden Pheasant,3000x1987
JM,Data-Vengeance/Loadscreens/RealConflict/JM/JM_032_1920x1080.png,"U.S. Special Envoy for the Colombian Peace Process Bernard Aronson Addresses Conflict Victims, Ex- Combatants, and At-Risk Youth Speak About a Job- Training Program at the Escuela Taller in Cartagena (29318727983).jpg","https://commons.wikimedia.org/wiki/File:U.S._Special_Envoy_for_the_Colombian_Peace_Process_Bernard_Aronson_Addresses_Conflict_Victims,_Ex-_Combatants,_and_At-Risk_Youth_Speak_About_a_Job-_Training_Program_at_the_Escuela_Taller_in_Cartagena_(29318727983).jpg",https://upload.wikimedia.org/wikipedia/commons/f/f9/U.S._Special_Envoy_for_the_Colombian_Peace_Process_Bernard_Aronson_Addresses_Conflict_Victims%2C_Ex-_Combatants%2C_and_At-Risk_Youth_Speak_About_a_Job-_Training_Program_at_the_Escuela_Taller_in_Cartagena_%2829318727983%29.jpg?utm_source=commons.wikimedia.org&utm_campaign=imageinfo&utm_content=original,Public domain,,U.S. Department of State from United States,2016-09-26 08:56,"U.S. Special Envoy for the Colombian Peace Process Bernard Aronson, joined by U.S. Secretary of State John Kerry and U.S. Ambassador to Colombia Kevin Whitaker, addresses conflict victims, ex-combatants, and at-risk youth speak about a job-training program at the Escuela Taller run by the Colombian Ministry of Culture as the delegation visits Cartagena, Colombia, on September 26, 2016, to witness a peace ceremony between the government and the Revolutionary Armed Forces of Colombia (FARC) that ends a five-decade conflict. [State Department Photo/ Public Domain]",Category:Colombian armed conflict,4769x3179
AF,Data-Vengeance/Loadscreens/RealConflict/AF/AF_024_1920x1080.png,Members of the 82nd Airborne Division test a Soviet-made 7.62 mm PKM light machine gun seized during Operation URGENT FURY DA-ST-86-04134.jpg,https://commons.wikimedia.org/wiki/File:Members_of_the_82nd_Airborne_Division_test_a_Soviet-made_7.62_mm_PKM_light_machine_gun_seized_during_Operation_URGENT_FURY_DA-ST-86-04134.jpg,https://upload.wikimedia.org/wikipedia/commons/5/5d/Members_of_the_82nd_Airborne_Division_test_a_Soviet-made_7.62_mm_PKM_light_machine_gun_seized_during_Operation_URGENT_FURY_DA-ST-86-04134.jpg?utm_source=commons.wikimedia.org&utm_campaign=imageinfo&utm_content=original,Public domain,,Unknown author Unknown author,10/1/1983,Members of the 82nd Airborne Division test a Soviet-made 7.62 mm PKM light machine gun seized during Operation URGENT FURY. (SUBSTANDARD),Category:82nd Airborne Division in Operation Urgent Fury,2810x1840
AF,Data-Vengeance/Loadscreens/RealConflict/AF/AF_025_1920x1080.png,"A soldier, armed with an M16A1 rifle, patrols the area around Point Salines Airport Operation URGENT FURY - DPLA - 0143ddc55cd123697e52e37f0aa60669.jpeg","https://commons.wikimedia.org/wiki/File:A_soldier,_armed_with_an_M16A1_rifle,_patrols_the_area_around_Point_Salines_Airport_Operation_URGENT_FURY_-_DPLA_-_0143ddc55cd123697e52e37f0aa60669.jpeg",https://upload.wikimedia.org/wikipedia/commons/d/df/A_soldier%2C_armed_with_an_M16A1_rifle%2C_patrols_the_area_around_Point_Salines_Airport_Operation_URGENT_FURY_-_DPLA_-_0143ddc55cd123697e52e37f0aa60669.jpeg?utm_source=commons.wikimedia.org&utm_campaign=imageinfo&utm_content=original,Public domain,,Department of Defense. American Forces Information Service. Defense Visual Information Center. 1994,"9 November 1983 date QS:P571,+1983-11-09T00:00:00Z/11",The original finding aid described this photograph as: Subject Operation/Series: URGENT FURY Country: Grenada (GRD) Scene Camera Operator: JOC Gary Miller Release Status: Released to Public,Category:Operation Urgent Fury,2840x1890
JM,Data-Vengeance/Loadscreens/RealConflict/JM/JM_033_1920x1080.png,Freddy Padilla de Leon.JPG,https://commons.wikimedia.org/wiki/File:Freddy_Padilla_de_Leon.JPG,https://upload.wikimedia.org/wikipedia/commons/e/e5/Freddy_Padilla_de_Leon.JPG?utm_source=commons.wikimedia.org&utm_campaign=imageinfo&utm_content=original,Public domain,,MSgt. Adam M. Stump,3/5/2009,"U.S. Navy Adm. Mike Mullen, chairman, joint chiefs of staff, and Colombian Gen. Freddy Padilla, chief of defense, exit the National Defense Ministry in Bogota, Colombia, March 5, 2009. Mullen is visiting the country to meet with senior Colombian officials to discuss ongoing U.S. and Colombian relations. (U.S. Air Force photo by Master Sgt. Adam M. Stump/Released)",Category:Army of Colombia,3000x2400
JM,Data-Vengeance/Loadscreens/RealConflict/JM/JM_034_1920x1080.png,"Marines of the 4th Platoon, Fleet Anti-terrorist Security Team (FAST) Company, listen as a rappel master from their unit gives a refresher course on rappelling techniques - DPLA - 2d860a90c889df776e6beed855207e0e.jpeg","https://commons.wikimedia.org/wiki/File:Marines_of_the_4th_Platoon,_Fleet_Anti-terrorist_Security_Team_(FAST)_Company,_listen_as_a_rappel_master_from_their_unit_gives_a_refresher_course_on_rappelling_techniques_-_DPLA_-_2d860a90c889df776e6beed855207e0e.jpeg",https://upload.wikimedia.org/wikipedia/commons/3/32/Marines_of_the_4th_Platoon%2C_Fleet_Anti-terrorist_Security_Team_%28FAST%29_Company%2C_listen_as_a_rappel_master_from_their_unit_gives_a_refresher_course_on_rappelling_techniques_-_DPLA_-_2d860a90c889df776e6beed855207e0e.jpeg?utm_source=commons.wikimedia.org&utm_campaign=imageinfo&utm_content=original,Public domain,,Department of Defense. American Forces Information Service. Defense Visual Information Center. 1994,"1 January 1989 date QS:P571,+1989-01-01T00:00:00Z/11",The original finding aid described this photograph as: Base: Howard Air Force Base Country: Panama (PAN) Scene Camera Operator: SSGT Laird Release Status: Released to Public,Category:1989 in Panama,2937x1938
JM,Data-Vengeance/Loadscreens/RealConflict/JM/JM_035_1920x1080.png,USS Sampson (DDG-10) and USS Nicholson (DD-982) at Panama in 1989.jpeg,https://commons.wikimedia.org/wiki/File:USS_Sampson_(DDG-10)_and_USS_Nicholson_(DD-982)_at_Panama_in_1989.jpeg,https://upload.wikimedia.org/wikipedia/commons/6/6d/USS_Sampson_%28DDG-10%29_and_USS_Nicholson_%28DD-982%29_at_Panama_in_1989.jpeg?utm_source=commons.wikimedia.org&utm_campaign=imageinfo&utm_content=original,Public domain,,"PH2(AC) Scott M. Allen, USN",1989-06-21,"The U.S. Navy guided missile destroyer USS Sampson (DDG-10), its crew manning the rails, moves past the destroyer USS Nicholson (DD-982) as it prepares to dock at the U.S. Naval Station Panama Canal, in June 1989., 06/21/1989",Category:1989 in Panama,2904x1928
JM,Data-Vengeance/Loadscreens/RealConflict/JM/JM_036_1920x1080.png,A group of well-wishers wait on the flight line to greet students from the Saint George's University School of Medicine in Grenada. The medical students are being flown to the base - DPLA - be61340137fcc7f87728701a19d70ed3.jpeg,https://commons.wikimedia.org/wiki/File:A_group_of_well-wishers_wait_on_the_flight_line_to_greet_students_from_the_Saint_George%27s_University_School_of_Medicine_in_Grenada._The_medical_students_are_being_flown_to_the_base_-_DPLA_-_be61340137fcc7f87728701a19d70ed3.jpeg,https://upload.wikimedia.org/wikipedia/commons/2/25/A_group_of_well-wishers_wait_on_the_flight_line_to_greet_students_from_the_Saint_George%27s_University_School_of_Medicine_in_Grenada._The_medical_students_are_being_flown_to_the_base_-_DPLA_-_be61340137fcc7f87728701a19d70ed3.jpeg?utm_source=commons.wikimedia.org&utm_campaign=imageinfo&utm_content=original,Public domain,,Department of Defense. American Forces Information Service. Defense Visual Information Center. 1994,"26 October 1983 date QS:P571,+1983-10-26T00:00:00Z/11",The original finding aid described this photograph as: Subject Operation/Series: URGENT FURY Base: Charleston Air Force Base State: South Carolina (SC) Country: United States Of America (USA) Scene Camera Operator: Unknown Release Status: Released to Public,Category:Operation Urgent Fury,2790x1860
AF,Data-Vengeance/Loadscreens/RealConflict/AF/AF_026_1920x1080.png,"A Soldier embraces a family member upon his arrival home. US troops, including members of the 7th Light Infantry Division and the 82nd Airborne Division, spent two weeks participati - DPLA - cdd3295d764e88b30c3ad55d742e467b.jpeg","https://commons.wikimedia.org/wiki/File:A_Soldier_embraces_a_family_member_upon_his_arrival_home._US_troops,_including_members_of_the_7th_Light_Infantry_Division_and_the_82nd_Airborne_Division,_spent_two_weeks_participati_-_DPLA_-_cdd3295d764e88b30c3ad55d742e467b.jpeg",https://upload.wikimedia.org/wikipedia/commons/0/05/A_Soldier_embraces_a_family_member_upon_his_arrival_home._US_troops%2C_including_members_of_the_7th_Light_Infantry_Division_and_the_82nd_Airborne_Division%2C_spent_two_weeks_participati_-_DPLA_-_cdd3295d764e88b30c3ad55d742e467b.jpeg?utm_source=commons.wikimedia.org&utm_campaign=imageinfo&utm_content=original,Public domain,,Department of Defense. American Forces Information Service. Defense Visual Information Center. 1994,"1 March 1988 date QS:P571,+1988-03-01T00:00:00Z/11","The original finding aid described this photograph as: Base: Pope Air Force Base State: North Carolina (NC) Country: United States Of America (USA) Scene Camera Operator: TSGT Bob Simons, USAF Release Status: Released to Public",Category:Operation Golden Pheasant,3000x2001
JM,Data-Vengeance/Loadscreens/RealConflict/JM/JM_037_1920x1080.png,"US Navy personnel work with Grenadians to set up communications equipment for ""Spice Island Radio"" during Operation URGENT FURY. The station will be used by the newly established pr - DPLA - aebd274a5b1ab5142c143b03a00ffe92.jpeg",https://commons.wikimedia.org/wiki/File:US_Navy_personnel_work_with_Grenadians_to_set_up_communications_equipment_for_%22Spice_Island_Radio%22_during_Operation_URGENT_FURY._The_station_will_be_used_by_the_newly_established_pr_-_DPLA_-_aebd274a5b1ab5142c143b03a00ffe92.jpeg,https://upload.wikimedia.org/wikipedia/commons/b/b4/US_Navy_personnel_work_with_Grenadians_to_set_up_communications_equipment_for_%22Spice_Island_Radio%22_during_Operation_URGENT_FURY._The_station_will_be_used_by_the_newly_established_pr_-_DPLA_-_aebd274a5b1ab5142c143b03a00ffe92.jpeg?utm_source=commons.wikimedia.org&utm_campaign=imageinfo&utm_content=original,Public domain,,Department of Defense. American Forces Information Service. Defense Visual Information Center. 1994,"9 November 1983 date QS:P571,+1983-11-09T00:00:00Z/11",The original finding aid described this photograph as: Subject Operation/Series: URGENT FURY Country: Grenada (GRD) Scene Camera Operator: JOC Gary Miller Release Status: Released to Public,Category:Operation Urgent Fury,2850x1910
JM,Data-Vengeance/Loadscreens/RealConflict/JM/JM_038_1920x1080.png,A US serviceman shaves on the beach during Operation URGENT FURY - DPLA - 998f685b80f097599f47be3a1aecd316.jpeg,https://commons.wikimedia.org/wiki/File:A_US_serviceman_shaves_on_the_beach_during_Operation_URGENT_FURY_-_DPLA_-_998f685b80f097599f47be3a1aecd316.jpeg,https://upload.wikimedia.org/wikipedia/commons/b/b5/A_US_serviceman_shaves_on_the_beach_during_Operation_URGENT_FURY_-_DPLA_-_998f685b80f097599f47be3a1aecd316.jpeg?utm_source=commons.wikimedia.org&utm_campaign=imageinfo&utm_content=original,Public domain,,Department of Defense. American Forces Information Service. Defense Visual Information Center. 1994,"25 October 1983 date QS:P571,+1983-10-25T00:00:00Z/11",The original finding aid described this photograph as: Subject Operation/Series: URGENT FURY Base: Grenville Country: Grenada (GRD) Scene Camera Operator: SGT Michael Bogdanowicz Release Status: Released to Public,Category:Operation Urgent Fury,2810x1850
JM,Data-Vengeance/Loadscreens/RealConflict/JM/JM_039_1920x1080.png,US Marines behind fence Grenada 1983.JPEG,https://commons.wikimedia.org/wiki/File:US_Marines_behind_fence_Grenada_1983.JPEG,https://upload.wikimedia.org/wikipedia/commons/5/5f/US_Marines_behind_fence_Grenada_1983.JPEG?utm_source=commons.wikimedia.org&utm_campaign=imageinfo&utm_content=original,Public domain,,JO1 Sundberg,1983-10-25,"U.S. Marines armed with M16A1 rifles take defensive positions along a hillside on Grenada during ""Operation Urgent Fury"", 25 October 1983.",Category:United States Marine Corps in Grenada,2850x1890
JM,Data-Vengeance/Loadscreens/RealConflict/JM/JM_040_1920x1080.png,Dignity Battalion cheering.jpg,https://commons.wikimedia.org/wiki/File:Dignity_Battalion_cheering.jpg,https://upload.wikimedia.org/wikipedia/commons/e/e6/Dignity_Battalion_cheering.jpg?utm_source=commons.wikimedia.org&utm_campaign=imageinfo&utm_content=original,Public domain,,"PH1 (Sw) J. Elliott, US Navy",1989-11-28Category:1989 parades,"Members of one of General Manuel Noriega's loosely organized ""Dignity Battalions"" raise their weapons in a salute to the general during a rally aboard the joint US/Panamanian base.",Category:1989 in Panama,2830x1880
AF,Data-Vengeance/Loadscreens/RealConflict/AF/AF_027_1920x1080.png,"General John W. Vessey Jr., chairman, Joint Chiefs of STAFF, meets with Major General Edward L. Trobaugh, commander, 82nd Airborne Division, during Operation URGENT FURY. They are a - DPLA - 0597efb598b4b956d61cf7546e04ed39.jpeg","https://commons.wikimedia.org/wiki/File:General_John_W._Vessey_Jr.,_chairman,_Joint_Chiefs_of_STAFF,_meets_with_Major_General_Edward_L._Trobaugh,_commander,_82nd_Airborne_Division,_during_Operation_URGENT_FURY._They_are_a_-_DPLA_-_0597efb598b4b956d61cf7546e04ed39.jpeg",https://upload.wikimedia.org/wikipedia/commons/4/4d/General_John_W._Vessey_Jr.%2C_chairman%2C_Joint_Chiefs_of_STAFF%2C_meets_with_Major_General_Edward_L._Trobaugh%2C_commander%2C_82nd_Airborne_Division%2C_during_Operation_URGENT_FURY._They_are_a_-_DPLA_-_0597efb598b4b956d61cf7546e04ed39.jpeg?utm_source=commons.wikimedia.org&utm_campaign=imageinfo&utm_content=original,Public domain,,Department of Defense. American Forces Information Service. Defense Visual Information Center. 1994,"25 October 1983 date QS:P571,+1983-10-25T00:00:00Z/11",The original finding aid described this photograph as: Subject Operation/Series: URGENT FURY Base: Grenville Country: Grenada (GRD) Scene Camera Operator: SPC Douglas Ide Release Status: Released to Public,Category:Operation Urgent Fury,2810x1850
JM,Data-Vengeance/Loadscreens/RealConflict/JM/JM_041_1920x1080.png,Flight operations take place aboard the amphibious assault ship USS GUAM (LPH 9) off the coast of Grenada during Operation URGENT FURY. Visible on the flight deck is a UH-1N Iroquoi - DPLA - 7decd705d4e4c17d760e9549a89290f6.jpeg,https://commons.wikimedia.org/wiki/File:Flight_operations_take_place_aboard_the_amphibious_assault_ship_USS_GUAM_(LPH_9)_off_the_coast_of_Grenada_during_Operation_URGENT_FURY._Visible_on_the_flight_deck_is_a_UH-1N_Iroquoi_-_DPLA_-_7decd705d4e4c17d760e9549a89290f6.jpeg,https://upload.wikimedia.org/wikipedia/commons/6/63/Flight_operations_take_place_aboard_the_amphibious_assault_ship_USS_GUAM_%28LPH_9%29_off_the_coast_of_Grenada_during_Operation_URGENT_FURY._Visible_on_the_flight_deck_is_a_UH-1N_Iroquoi_-_DPLA_-_7decd705d4e4c17d760e9549a89290f6.jpeg?utm_source=commons.wikimedia.org&utm_campaign=imageinfo&utm_content=original,Public domain,,Department of Defense. American Forces Information Service. Defense Visual Information Center. 1994,"25 October 1983 date QS:P571,+1983-10-25T00:00:00Z/11",The original finding aid described this photograph as: Subject Operation/Series: URGENT FURY Country: Grenada (GRD) Scene Camera Operator: PH2 D. Wujcik Release Status: Released to Public,Category:Operation Urgent Fury,2850x1910
JM,Data-Vengeance/Loadscreens/RealConflict/JM/JM_042_1920x1080.png,Urgent fury civilians waiting.jpg,https://commons.wikimedia.org/wiki/File:Urgent_fury_civilians_waiting.jpg,https://upload.wikimedia.org/wikipedia/commons/6/65/Urgent_fury_civilians_waiting.jpg?utm_source=commons.wikimedia.org&utm_campaign=imageinfo&utm_content=original,Public domain,,TSGT M. J. CREEN,1983-11-03,"Original caption: ""American students sit inside a terminal waiting to be evacuated from the island by US military personnel during Operation URGENT FURY.""",Category:Operation Urgent Fury,3070x1970
AF,Data-Vengeance/Loadscreens/RealConflict/AF/AF_028_1920x1080.png,A CH-53 Sea Stallion helicopters hovers above a Soviet ZU-23 anti aircraft gun prior to picking it up during Operation URGENT FURY - DPLA - 0d5146d1459f1d22e0cf226acdebf6b7.jpeg,https://commons.wikimedia.org/wiki/File:A_CH-53_Sea_Stallion_helicopters_hovers_above_a_Soviet_ZU-23_anti_aircraft_gun_prior_to_picking_it_up_during_Operation_URGENT_FURY_-_DPLA_-_0d5146d1459f1d22e0cf226acdebf6b7.jpeg,https://upload.wikimedia.org/wikipedia/commons/9/99/A_CH-53_Sea_Stallion_helicopters_hovers_above_a_Soviet_ZU-23_anti_aircraft_gun_prior_to_picking_it_up_during_Operation_URGENT_FURY_-_DPLA_-_0d5146d1459f1d22e0cf226acdebf6b7.jpeg?utm_source=commons.wikimedia.org&utm_campaign=imageinfo&utm_content=original,Public domain,,Department of Defense. American Forces Information Service. Defense Visual Information Center. 1994,"3 November 1983 date QS:P571,+1983-11-03T00:00:00Z/11",The original finding aid described this photograph as: Subject Operation/Series: URGENT FURY Country: Grenada (GRD) Scene Camera Operator: TSGT M. J. Creen Release Status: Released to Public,Category:United States Marine Corps in Grenada,3010x1980
JM,Data-Vengeance/Loadscreens/RealConflict/JM/JM_043_1920x1080.png,An Air Force sergeant walks with his wife and daughter to a waiting airliner. They are among the first group to leave after President George Bush's order to reduce the number of U.S - DPLA - 5a0deff4b89c75c1dd36d21f5d5e3438.jpeg,https://commons.wikimedia.org/wiki/File:An_Air_Force_sergeant_walks_with_his_wife_and_daughter_to_a_waiting_airliner._They_are_among_the_first_group_to_leave_after_President_George_Bush%27s_order_to_reduce_the_number_of_U.S_-_DPLA_-_5a0deff4b89c75c1dd36d21f5d5e3438.jpeg,https://upload.wikimedia.org/wikipedia/commons/d/da/An_Air_Force_sergeant_walks_with_his_wife_and_daughter_to_a_waiting_airliner._They_are_among_the_first_group_to_leave_after_President_George_Bush%27s_order_to_reduce_the_number_of_U.S_-_DPLA_-_5a0deff4b89c75c1dd36d21f5d5e3438.jpeg?utm_source=commons.wikimedia.org&utm_campaign=imageinfo&utm_content=original,Public domain,,Department of Defense. American Forces Information Service. Defense Visual Information Center. 1994,"1 May 1989 date QS:P571,+1989-05-01T00:00:00Z/11",The original finding aid described this photograph as: Base: Howard Air Force Base Country: Panama (PAN) Scene Camera Operator: MASTER SGT. Herbert Cintron Release Status: Released to Public,Category:1989 in Panama,2829x1899
TM,Data-Vengeance/Loadscreens/RealConflict/TM/TM_006_1920x1080.png,A starboard beam view of a PBR Mark 2 riverine patrol boat of Special Boat Unit 26 (SBU-26) - DPLA - 9c3a3e8f26878df8c1b4955252ba2f0b.jpeg,https://commons.wikimedia.org/wiki/File:A_starboard_beam_view_of_a_PBR_Mark_2_riverine_patrol_boat_of_Special_Boat_Unit_26_(SBU-26)_-_DPLA_-_9c3a3e8f26878df8c1b4955252ba2f0b.jpeg,https://upload.wikimedia.org/wikipedia/commons/a/aa/A_starboard_beam_view_of_a_PBR_Mark_2_riverine_patrol_boat_of_Special_Boat_Unit_26_%28SBU-26%29_-_DPLA_-_9c3a3e8f26878df8c1b4955252ba2f0b.jpeg?utm_source=commons.wikimedia.org&utm_campaign=imageinfo&utm_content=original,Public domain,,Department of Defense. American Forces Information Service. Defense Visual Information Center. 1994,"20 May 1989 date QS:P571,+1989-05-20T00:00:00Z/11",The original finding aid described this photograph as: Base: Panama Canal Country: Panama (PAN) Scene Camera Operator: PH2 Mark S. Kettenhofen Release Status: Released to Public,Category:1989 in Panama,3000x2400
AF,Data-Vengeance/Loadscreens/RealConflict/AF/AF_029_1920x1080.png,"A Honduran Soldier aims an M16A1 rifle during battle maneuvers. President Ronald Reagan mobilized US Exercise Task Force DRAGON-GOLDEN PHEASANT, consisting of both the 82nd Airborne - DPLA - 40b2a3c0b2a000c5ac36af08a2479081.jpeg","https://commons.wikimedia.org/wiki/File:A_Honduran_Soldier_aims_an_M16A1_rifle_during_battle_maneuvers._President_Ronald_Reagan_mobilized_US_Exercise_Task_Force_DRAGON-GOLDEN_PHEASANT,_consisting_of_both_the_82nd_Airborne_-_DPLA_-_40b2a3c0b2a000c5ac36af08a2479081.jpeg",https://upload.wikimedia.org/wikipedia/commons/f/ff/A_Honduran_Soldier_aims_an_M16A1_rifle_during_battle_maneuvers._President_Ronald_Reagan_mobilized_US_Exercise_Task_Force_DRAGON-GOLDEN_PHEASANT%2C_consisting_of_both_the_82nd_Airborne_-_DPLA_-_40b2a3c0b2a000c5ac36af08a2479081.jpeg?utm_source=commons.wikimedia.org&utm_campaign=imageinfo&utm_content=original,Public domain,,Department of Defense. American Forces Information Service. Defense Visual Information Center. 1994,"1 March 1988 date QS:P571,+1988-03-01T00:00:00Z/11",The original finding aid described this photograph as: Base: Judicalpa Country: Honduras (HND) Scene Camera Operator: TSGT Bob Simons Release Status: Released to Public,Category:Operation Golden Pheasant,3000x1986
IN,Data-Vengeance/Loadscreens/RealConflict/IN/IN_002_1920x1080.png,Pacora River Bridge.png,https://commons.wikimedia.org/wiki/File:Pacora_River_Bridge.png,https://upload.wikimedia.org/wikipedia/commons/3/34/Pacora_River_Bridge.png?utm_source=commons.wikimedia.org&utm_campaign=imageinfo&utm_content=original,Public domain,,Unknown author Unknown author,1980s-1990s,This is the Pacora River Bridge,Category:United States invasion of Panama,1874x1510
AF,Data-Vengeance/Loadscreens/RealConflict/AF/AF_030_1920x1080.png,Members of the 82nd Airborne Division walk along a narrow land while on patrol during Operation Urgent Fury. The second soldier in line has an M-203 40mm grenade launcher attached t - DPLA - 1ca46e10f0b433f6479d47ff28af4f80.jpeg,https://commons.wikimedia.org/wiki/File:Members_of_the_82nd_Airborne_Division_walk_along_a_narrow_land_while_on_patrol_during_Operation_Urgent_Fury._The_second_soldier_in_line_has_an_M-203_40mm_grenade_launcher_attached_t_-_DPLA_-_1ca46e10f0b433f6479d47ff28af4f80.jpeg,https://upload.wikimedia.org/wikipedia/commons/8/88/Members_of_the_82nd_Airborne_Division_walk_along_a_narrow_land_while_on_patrol_during_Operation_Urgent_Fury._The_second_soldier_in_line_has_an_M-203_40mm_grenade_launcher_attached_t_-_DPLA_-_1ca46e10f0b433f6479d47ff28af4f80.jpeg?utm_source=commons.wikimedia.org&utm_campaign=imageinfo&utm_content=original,Public domain,,Department of Defense. American Forces Information Service. Defense Visual Information Center. 1994,"25 October 1983 date QS:P571,+1983-10-25T00:00:00Z/11",The original finding aid described this photograph as: Subject Operation/Series: URGENT FURY Country: Grenada (GRD) Scene Camera Operator: SGT. Michael Bogdanowicz Release Status: Released to Public,Category:82nd Airborne Division in Operation Urgent Fury,3000x2040
JM,Data-Vengeance/Loadscreens/RealConflict/JM/JM_044_1920x1080.png,"Marines with M9 9 mm pistols engage their targets at a combat pistol course. The Marines are members of 4th Platoon, Fleet Anti-terrorist Security Team (FAST) Company - DPLA - 59f3d3bcf24522c2015db0ebe5e73df9.jpeg","https://commons.wikimedia.org/wiki/File:Marines_with_M9_9_mm_pistols_engage_their_targets_at_a_combat_pistol_course._The_Marines_are_members_of_4th_Platoon,_Fleet_Anti-terrorist_Security_Team_(FAST)_Company_-_DPLA_-_59f3d3bcf24522c2015db0ebe5e73df9.jpeg",https://upload.wikimedia.org/wikipedia/commons/d/de/Marines_with_M9_9_mm_pistols_engage_their_targets_at_a_combat_pistol_course._The_Marines_are_members_of_4th_Platoon%2C_Fleet_Anti-terrorist_Security_Team_%28FAST%29_Company_-_DPLA_-_59f3d3bcf24522c2015db0ebe5e73df9.jpeg?utm_source=commons.wikimedia.org&utm_campaign=imageinfo&utm_content=original,Public domain,,Department of Defense. American Forces Information Service. Defense Visual Information Center. 1994,"1 January 1989 date QS:P571,+1989-01-01T00:00:00Z/11","The original finding aid described this photograph as: Base: Naval Station, Rodman Country: Panama (PAN) Scene Camera Operator: GUNNERY Sergeant Jay Browne Release Status: Released to Public",Category:1989 in Panama,2820x1870
JM,Data-Vengeance/Loadscreens/RealConflict/JM/JM_045_1920x1080.png,Truck seized during Operation Urgent Fury.JPEG,https://commons.wikimedia.org/wiki/File:Truck_seized_during_Operation_Urgent_Fury.JPEG,https://upload.wikimedia.org/wikipedia/commons/8/8a/Truck_seized_during_Operation_Urgent_Fury.JPEG?utm_source=commons.wikimedia.org&utm_campaign=imageinfo&utm_content=original,Public domain,,US military employee,1983,A truck seized during Operation Urgent Fury. A C-141B Starlifter aircraft is in the background.,Category:Operation Urgent Fury,2760x1770
JM,Data-Vengeance/Loadscreens/RealConflict/JM/JM_046_1920x1080.png,BRDM-2 during Operation Urgent Fury.JPEG,https://commons.wikimedia.org/wiki/File:BRDM-2_during_Operation_Urgent_Fury.JPEG,https://upload.wikimedia.org/wikipedia/commons/f/fe/BRDM-2_during_Operation_Urgent_Fury.JPEG?utm_source=commons.wikimedia.org&utm_campaign=imageinfo&utm_content=original,Public domain,,"JO1 PETER D. SUNDBERG, US Navy",1983-10-28,"US Marines sit aboard a captured Soviet-made BRDM-2 amphibious armored scout car, foreground, and an AAV-7A1 tracked landing vehicle during Operation Urgent Fury.",Category:United States Marine Corps in Grenada,2850x1900
AR,Data-Vengeance/Loadscreens/RealConflict/AR/AR_004_1920x1080.png,Sheridan tank Golden Pheasant.jpg,https://commons.wikimedia.org/wiki/File:Sheridan_tank_Golden_Pheasant.jpg,https://upload.wikimedia.org/wikipedia/commons/5/56/Sheridan_tank_Golden_Pheasant.jpg?utm_source=commons.wikimedia.org&utm_campaign=imageinfo&utm_content=original,Public domain,,TECH. SGT. Bob Simons,1988-01-03,"An M551A1 Sheridan tank from the 3rd Bn., 73rd Armor, 82nd Airborne Division, moves out after being offloaded from a convoy vehicle during Operation Golden Pheasant.",Category:Operation Golden Pheasant,3000x1981
JM,Data-Vengeance/Loadscreens/RealConflict/JM/JM_047_1920x1080.png,"U.S. Special Envoy for the Colombian Peace Process Bernard Aronson Addresses Conflict Victims, Ex- Combatants, and At-Risk Youth Speak About a Job- Training Program at the Escuela Taller in Cartagena (29861922831).jpg","https://commons.wikimedia.org/wiki/File:U.S._Special_Envoy_for_the_Colombian_Peace_Process_Bernard_Aronson_Addresses_Conflict_Victims,_Ex-_Combatants,_and_At-Risk_Youth_Speak_About_a_Job-_Training_Program_at_the_Escuela_Taller_in_Cartagena_(29861922831).jpg",https://upload.wikimedia.org/wikipedia/commons/f/f2/U.S._Special_Envoy_for_the_Colombian_Peace_Process_Bernard_Aronson_Addresses_Conflict_Victims%2C_Ex-_Combatants%2C_and_At-Risk_Youth_Speak_About_a_Job-_Training_Program_at_the_Escuela_Taller_in_Cartagena_%2829861922831%29.jpg?utm_source=commons.wikimedia.org&utm_campaign=imageinfo&utm_content=original,Public domain,,U.S. Department of State from United States,2016-09-26 08:57,"U.S. Special Envoy for the Colombian Peace Process Bernard Aronson, joined by U.S. Secretary of State John Kerry and U.S. Ambassador to Colombia Kevin Whitaker, addresses conflict victims, ex-combatants, and at-risk youth speak about a job-training program at the Escuela Taller run by the Colombian Ministry of Culture as the delegation visits Cartagena, Colombia, on September 26, 2016, to witness a peace ceremony between the government and the Revolutionary Armed Forces of Colombia (FARC) that ends a five-decade conflict. [State Department Photo/ Public Domain]",Category:Colombian armed conflict,4856x3231
AR,Data-Vengeance/Loadscreens/RealConflict/AR/AR_005_1920x1080.png,The driver of a Marine LAV25 light armored vehicle peers out from his hatch during a 2nd Light Armored Infantry Battalion reconnaissance mission - DPLA - 03e53f156414aaf2b8d0105f65c34e63.jpeg,https://commons.wikimedia.org/wiki/File:The_driver_of_a_Marine_LAV25_light_armored_vehicle_peers_out_from_his_hatch_during_a_2nd_Light_Armored_Infantry_Battalion_reconnaissance_mission_-_DPLA_-_03e53f156414aaf2b8d0105f65c34e63.jpeg,https://upload.wikimedia.org/wikipedia/commons/8/8f/The_driver_of_a_Marine_LAV25_light_armored_vehicle_peers_out_from_his_hatch_during_a_2nd_Light_Armored_Infantry_Battalion_reconnaissance_mission_-_DPLA_-_03e53f156414aaf2b8d0105f65c34e63.jpeg?utm_source=commons.wikimedia.org&utm_campaign=imageinfo&utm_content=original,Public domain,,Department of Defense. American Forces Information Service. Defense Visual Information Center. 1994,"31 October 1989 date QS:P571,+1989-10-31T00:00:00Z/11",The original finding aid described this photograph as: Country: Panama (PAN) Scene Camera Operator: PH1(Ac) Jeff Elliott Release Status: Released to Public,Category:1989 in Panama,2820x1880
AF,Data-Vengeance/Loadscreens/RealConflict/AF/AF_031_1920x1080.png,Three 5th Infantry Division (Mechanized) soldiers inspect a Soviet-made ZPU-4 14.5mm anti-aircraft machine gun left behind by Panamanian Defense Force soldiers who fled the base during the early stages of Operation Just Cause.jpg,https://commons.wikimedia.org/wiki/File:Three_5th_Infantry_Division_(Mechanized)_soldiers_inspect_a_Soviet-made_ZPU-4_14.5mm_anti-aircraft_machine_gun_left_behind_by_Panamanian_Defense_Force_soldiers_who_fled_the_base_during_the_early_stages_of_Operation_Just_Cause.jpg,https://upload.wikimedia.org/wikipedia/commons/0/07/Three_5th_Infantry_Division_%28Mechanized%29_soldiers_inspect_a_Soviet-made_ZPU-4_14.5mm_anti-aircraft_machine_gun_left_behind_by_Panamanian_Defense_Force_soldiers_who_fled_the_base_during_the_early_stages_of_Operation_Just_Cause.jpg?utm_source=commons.wikimedia.org&utm_campaign=imageinfo&utm_content=original,Public domain,,PH1(Sw) J. Elliott,1989-12-21,Three 5th Infantry Division (Mechanized) soldiers inspect a Soviet-made ZPU-4 14.5mm anti-aircraft machine gun left behind by Panamanian Defense Force soldiers who fled the base during the early stages of Operation Just Cause.,Category:United States invasion of Panama,2820x1870
JM,Data-Vengeance/Loadscreens/RealConflict/JM/JM_048_1920x1080.png,Secretary-General Ban Ki-Moon Addresses the Crowd (29330649203).jpg,https://commons.wikimedia.org/wiki/File:Secretary-General_Ban_Ki-Moon_Addresses_the_Crowd_(29330649203).jpg,https://upload.wikimedia.org/wikipedia/commons/9/94/Secretary-General_Ban_Ki-Moon_Addresses_the_Crowd_%2829330649203%29.jpg?utm_source=commons.wikimedia.org&utm_campaign=imageinfo&utm_content=original,Public domain,,U.S. Department of State from United States,2016-09-26 17:34,"United Nations Secretary-General Ban Ki-moon addresses the crowd after Colombian President Juan Manuel Santos and FARC leader Timoleón Jiménez signed a peace accord as U.S. Secretary of State John Kerry sat in a plaza outside the Cartagena Indias Convention Center in Cartagena, Colombia, on September 26, 2016, while attending a peace ceremony between the government and the Revolutionary Armed Forces of Colombia (FARC) that ended a five-decade conflict. [State Department Photo/Public Domain]",Category:Colombian armed conflict,4595x3063
JM,Data-Vengeance/Loadscreens/RealConflict/JM/JM_049_1920x1080.png,FARC leader Timoleón Jiménez Addresses the Crowd (29873875601).jpg,https://commons.wikimedia.org/wiki/File:FARC_leader_Timole%C3%B3n_Jim%C3%A9nez_Addresses_the_Crowd_(29873875601).jpg,https://upload.wikimedia.org/wikipedia/commons/3/3f/FARC_leader_Timole%C3%B3n_Jim%C3%A9nez_Addresses_the_Crowd_%2829873875601%29.jpg?utm_source=commons.wikimedia.org&utm_campaign=imageinfo&utm_content=original,Public domain,,U.S. Department of State from United States,2016-09-26 17:43,"FARC leader Timoleón Jiménez addresses the crowd after he and Colombian President Juan Manuel Santos signed a peace accord as U.S. Secretary of State John Kerry sat in a plaza outside the Cartagena Indias Convention Center in Cartagena, Colombia, on September 26, 2016, while attending a peace ceremony between the government and the Revolutionary Armed Forces of Colombia (FARC) that ended a five-decade conflict. [State Department Photo/Public Domain]",Category:Colombian armed conflict,3889x2593
AF,Data-Vengeance/Loadscreens/RealConflict/AF/AF_032_1920x1080.png,A soldier from the 82nd Airborne Division uses a fire control calculator to compute ballistic trajectories for a 60mm mortar fire mission during Operation Gold Pheasant - DPLA - 650b94e8139571b17c92634f0e7655f3.jpeg,https://commons.wikimedia.org/wiki/File:A_soldier_from_the_82nd_Airborne_Division_uses_a_fire_control_calculator_to_compute_ballistic_trajectories_for_a_60mm_mortar_fire_mission_during_Operation_Gold_Pheasant_-_DPLA_-_650b94e8139571b17c92634f0e7655f3.jpeg,https://upload.wikimedia.org/wikipedia/commons/e/ee/A_soldier_from_the_82nd_Airborne_Division_uses_a_fire_control_calculator_to_compute_ballistic_trajectories_for_a_60mm_mortar_fire_mission_during_Operation_Gold_Pheasant_-_DPLA_-_650b94e8139571b17c92634f0e7655f3.jpeg?utm_source=commons.wikimedia.org&utm_campaign=imageinfo&utm_content=original,Public domain,,Department of Defense. American Forces Information Service. Defense Visual Information Center. 1994,"19 March 1988 date QS:P571,+1988-03-19T00:00:00Z/11",The original finding aid described this photograph as: Subject Operation/Series: GOLDEN PHEASANT Base: Tamara Country: Honduras (HND) Scene Camera Operator: Nathaniel H. Mcbride Release Status: Released to Public,Category:Operation Golden Pheasant,2830x1920
AF,Data-Vengeance/Loadscreens/RealConflict/AF/AF_033_1920x1080.png,Members of the 82nd Airborne Division walk up a dirt road during Operation URGENT FURY. The soldier on the left is equipped with a field radio and the soldier on the right is armed - DPLA - 78fecd0887a25cabed77e0dbb8f38894.jpeg,https://commons.wikimedia.org/wiki/File:Members_of_the_82nd_Airborne_Division_walk_up_a_dirt_road_during_Operation_URGENT_FURY._The_soldier_on_the_left_is_equipped_with_a_field_radio_and_the_soldier_on_the_right_is_armed_-_DPLA_-_78fecd0887a25cabed77e0dbb8f38894.jpeg,https://upload.wikimedia.org/wikipedia/commons/f/f3/Members_of_the_82nd_Airborne_Division_walk_up_a_dirt_road_during_Operation_URGENT_FURY._The_soldier_on_the_left_is_equipped_with_a_field_radio_and_the_soldier_on_the_right_is_armed_-_DPLA_-_78fecd0887a25cabed77e0dbb8f38894.jpeg?utm_source=commons.wikimedia.org&utm_campaign=imageinfo&utm_content=original,Public domain,,Department of Defense. American Forces Information Service. Defense Visual Information Center. 1994,"31 October 1983 date QS:P571,+1983-10-31T00:00:00Z/11",The original finding aid described this photograph as: Subject Operation/Series: URGENT FURY Country: Grenada (GRD) Scene Camera Operator: PH2 D. Wujcik Release Status: Released to Public,Category:82nd Airborne Division in Operation Urgent Fury,2850x1900
JM,Data-Vengeance/Loadscreens/RealConflict/JM/JM_050_1920x1080.png,"Members of the US Air Force Special Activities Center (AFSAC) Human Intelligence Resources (HUMINT) Augmentation Team (HAT) are processed-in during the multiservice, multinational O - DPLA - 96a87d41d847320ca018e8e0e9ac1797.jpg","https://commons.wikimedia.org/wiki/File:Members_of_the_US_Air_Force_Special_Activities_Center_(AFSAC)_Human_Intelligence_Resources_(HUMINT)_Augmentation_Team_(HAT)_are_processed-in_during_the_multiservice,_multinational_O_-_DPLA_-_96a87d41d847320ca018e8e0e9ac1797.jpg",https://upload.wikimedia.org/wikipedia/commons/b/b8/Members_of_the_US_Air_Force_Special_Activities_Center_%28AFSAC%29_Human_Intelligence_Resources_%28HUMINT%29_Augmentation_Team_%28HAT%29_are_processed-in_during_the_multiservice%2C_multinational_O_-_DPLA_-_96a87d41d847320ca018e8e0e9ac1797.jpg?utm_source=commons.wikimedia.org&utm_campaign=imageinfo&utm_content=original,Public domain,,Department of Defense. American Forces Information Service. Defense Visual Information Center. 1994,"28 October 1983 date QS:P571,+1983-10-28T00:00:00Z/11",The original finding aid described this photograph as: Subject Operation/Series: URGENT FURY Country: Grenada (GRD) Scene Camera Operator: Unknown Release Status: Released to Public,Category:Operation Urgent Fury,2740x1890
JM,Data-Vengeance/Loadscreens/RealConflict/JM/JM_051_1920x1080.png,A US Army M561 Gama Goat is used during Operation URGENT FURY - DPLA - 752568bca55179cde3c8fafcd15a1cc5.jpeg,https://commons.wikimedia.org/wiki/File:A_US_Army_M561_Gama_Goat_is_used_during_Operation_URGENT_FURY_-_DPLA_-_752568bca55179cde3c8fafcd15a1cc5.jpeg,https://upload.wikimedia.org/wikipedia/commons/e/e7/A_US_Army_M561_Gama_Goat_is_used_during_Operation_URGENT_FURY_-_DPLA_-_752568bca55179cde3c8fafcd15a1cc5.jpeg?utm_source=commons.wikimedia.org&utm_campaign=imageinfo&utm_content=original,Public domain,,Department of Defense. American Forces Information Service. Defense Visual Information Center. 1994,"28 October 1983 date QS:P571,+1983-10-28T00:00:00Z/11",The original finding aid described this photograph as: Subject Operation/Series: URGENT FURY Country: Grenada (GRD) Scene Camera Operator: TSGT M. J. Creen Release Status: Released to Public,Category:Operation Urgent Fury,3020x2000
AF,Data-Vengeance/Loadscreens/RealConflict/AF/AF_034_1920x1080.png,US military personnel set up a field radio inside a building at Point Salines airport during Operation URGENT FURY.jpg,https://commons.wikimedia.org/wiki/File:US_military_personnel_set_up_a_field_radio_inside_a_building_at_Point_Salines_airport_during_Operation_URGENT_FURY.jpg,https://upload.wikimedia.org/wikipedia/commons/5/52/US_military_personnel_set_up_a_field_radio_inside_a_building_at_Point_Salines_airport_during_Operation_URGENT_FURY.jpg?utm_source=commons.wikimedia.org&utm_campaign=imageinfo&utm_content=original,Public domain,,"Technical Sergeant (TSgt) Mike Creen, US Air Force",1983-11-04,US military personnel set up a field radio inside a building at Point Salines airport during Operation URGENT FURY.,Category:Operation Urgent Fury,3021x1949
AF,Data-Vengeance/Loadscreens/RealConflict/AF/AF_035_1920x1080.png,82nd Airborne troops jump from C-141Bs in 1988.JPEG,https://commons.wikimedia.org/wiki/File:82nd_Airborne_troops_jump_from_C-141Bs_in_1988.JPEG,https://upload.wikimedia.org/wikipedia/commons/f/fb/82nd_Airborne_troops_jump_from_C-141Bs_in_1988.JPEG?utm_source=commons.wikimedia.org&utm_campaign=imageinfo&utm_content=original,Public domain,,"TSgt. Bom Simmons, USAF",1988-03-01,"Members of the U.S. Army 1st and 2nd Battalions, 504th Parachute Infantry Regiment, 82nd Airborne Division jump from USAF Lockheed C-141B Starlifter aircraft on 1 March 1988. U.S. troops spent two weeks participating in a mobilization of U.S. exercise task force Dragon/Golden Pheasant. U.S. President Ronald Reagan mobilized U.S. forces, consisting of both the 82nd Airborne Division and the 7th Light Infantry Division, to help discourage Nicaraguan forces from entering Honduras.",Category:Operation Golden Pheasant,2530x1710
JM,Data-Vengeance/Loadscreens/RealConflict/JM/JM_052_1920x1080.png,UAZ-469B (1983).JPEG,https://commons.wikimedia.org/wiki/File:UAZ-469B_(1983).JPEG,https://upload.wikimedia.org/wikipedia/commons/1/16/UAZ-469B_%281983%29.JPEG?utm_source=commons.wikimedia.org&utm_campaign=imageinfo&utm_content=original,Public domain,,Spec. 4 Long,1983-10-25,A Soviet-built UAZ-469B light vehicle during Operation Urgent Fury .,Category:Operation Urgent Fury,2840x1910
JM,Data-Vengeance/Loadscreens/RealConflict/JM/JM_053_1920x1080.png,Special Forces Colombia.jpg,https://commons.wikimedia.org/wiki/File:Special_Forces_Colombia.jpg,https://upload.wikimedia.org/wikipedia/commons/a/a4/Special_Forces_Colombia.jpg?utm_source=commons.wikimedia.org&utm_campaign=imageinfo&utm_content=original,Public domain,,TECH SGT JERRY MORRISON,10/2/2007,"Colombian army special forces insert into Tolemaida Air Base, Colombia, during a technical demonstration for Secretary of Defense Robert M. Gates and Colombian Minister of Defense Dr. Juan Manuel Santos during the secretary's trip to Latin America Oct. 3, 2007. DoD photo by Tech Sgt. Jerry Morrison, U.S. Air Force. (Released)",Category:Army of Colombia,4276x2548
JM,Data-Vengeance/Loadscreens/RealConflict/JM/JM_054_1920x1080.png,US Navy 080831-N-9620B-263 Store Keeper 2nd Class Judith Bahanmon sits down with a Colombian Soldier.jpg,https://commons.wikimedia.org/wiki/File:US_Navy_080831-N-9620B-263_Store_Keeper_2nd_Class_Judith_Bahanmon_sits_down_with_a_Colombian_Soldier.jpg,https://upload.wikimedia.org/wikipedia/commons/0/07/US_Navy_080831-N-9620B-263_Store_Keeper_2nd_Class_Judith_Bahanmon_sits_down_with_a_Colombian_Soldier.jpg?utm_source=commons.wikimedia.org&utm_campaign=imageinfo&utm_content=original,Public domain,,U.S. Navy photo by Mass Communication Specialist 2nd Class Erik C. Barker,Taken on 31 August 2008,"CANDALARIA, Colombia (Aug. 31, 2008) Store Keeper 2nd Class Judith Bahanmon, a Reservist working with the U.S. Embassy in Bogota Colombia, sits down with a Colombian Soldier surrounded by children at the Candalaria Medical Clinic, a current site being used to provide humanitarian aid by the men and women embarked aboard the amphibious assault ship USS Kearsarge (LHD 3). Kearsarge is supporting the Caribbean phase of Continuing Promise (CP) 2008, an equal-partnership mission between the United States, Canada, the Netherlands, Brazil, Nicaragua, Panama, Colombia, Dominican Republic, Trinidad and Tobago and Guyana. (U.S. Navy photo by Mass Communication Specialist 2nd Class Erik C. Barker/Released)",Category:Army of Colombia,4288x2848
AF,Data-Vengeance/Loadscreens/RealConflict/AF/AF_036_1920x1080.png,"Military police inspect the packs of the 82nd Airborne Division personnel looking for customs violations. US troops, including members of the 7th Light Infantry Division and the 82n - DPLA - 0ca2267b97b7b41fd256761b299583cd.jpeg","https://commons.wikimedia.org/wiki/File:Military_police_inspect_the_packs_of_the_82nd_Airborne_Division_personnel_looking_for_customs_violations._US_troops,_including_members_of_the_7th_Light_Infantry_Division_and_the_82n_-_DPLA_-_0ca2267b97b7b41fd256761b299583cd.jpeg",https://upload.wikimedia.org/wikipedia/commons/b/b8/Military_police_inspect_the_packs_of_the_82nd_Airborne_Division_personnel_looking_for_customs_violations._US_troops%2C_including_members_of_the_7th_Light_Infantry_Division_and_the_82n_-_DPLA_-_0ca2267b97b7b41fd256761b299583cd.jpeg?utm_source=commons.wikimedia.org&utm_campaign=imageinfo&utm_content=original,Public domain,,Department of Defense. American Forces Information Service. Defense Visual Information Center. 1994,"1 March 1988 date QS:P571,+1988-03-01T00:00:00Z/11",The original finding aid described this photograph as: Base: Palmerola Air Base Country: Honduras (HND) Scene Camera Operator: SSGT Scott Stewart Release Status: Released to Public,Category:Operation Golden Pheasant,3000x2001
JM,Data-Vengeance/Loadscreens/RealConflict/JM/JM_055_1920x1080.png,Operation CHISUM 04.jpg,https://commons.wikimedia.org/wiki/File:Operation_CHISUM_04.jpg,https://upload.wikimedia.org/wikipedia/commons/f/fb/Operation_CHISUM_04.jpg?utm_source=commons.wikimedia.org&utm_campaign=imageinfo&utm_content=original,Public domain,,PH1 (Sw) J. Elliott,1989-10-31,"During Operation CHISUM, a route reconnaissance patrol, a Marine from Company D, 2nd Light Armored Infantry Battalion, looks out of the driver's hatch of his LAV25 light armored vehicle after stopping on the outskirts of the town. Supporters of General Manuel Noriega had blocked the road with vehicles and refused to allow the Marine patrol to enter the town.",Category:1989 in Panama,2830x1870
TM,Data-Vengeance/Loadscreens/RealConflict/TM/TM_007_1920x1080.png,Panama clashes 1989.JPEG,https://commons.wikimedia.org/wiki/File:Panama_clashes_1989.JPEG,https://upload.wikimedia.org/wikipedia/commons/a/ad/Panama_clashes_1989.JPEG?utm_source=commons.wikimedia.org&utm_campaign=imageinfo&utm_content=original,Public domain,,SPEC. MORLAND,Taken on 21 December 1989,Flames engulf a building following the outbreak of hostilities between the Panamanian Defense Force and U.S. forces during Operation Just Cause.,Category:United States invasion of Panama,2830x1920
JM,Data-Vengeance/Loadscreens/RealConflict/JM/JM_056_1920x1080.png,General Alberto Mejía.jpg,https://commons.wikimedia.org/wiki/File:General_Alberto_Mej%C3%ADa.jpg,https://upload.wikimedia.org/wikipedia/commons/2/2e/General_Alberto_Mej%C3%ADa.jpg?utm_source=commons.wikimedia.org&utm_campaign=imageinfo&utm_content=original,Public domain,,SC National Guard,2016-08-05,"COLAR Transformation Symposium U.S. Army Maj. Gen. Robert E. Livingston, Jr., the adjutant general for South Carolina, presents Gen. Alberto Jose Mejia Ferrero, commander of the Colombian Army, the palmetto shield as a token of appreciation at the Transformation Symposium, Bogota, Colombia, Aug. 5, 2016. (Photo by Sgt. Brian Calhoun, 108th Public Affairs Det.)",Category:Army of Colombia,3207x2138
AF,Data-Vengeance/Loadscreens/RealConflict/AF/AF_037_1920x1080.png,A member of the 82nd Airborne Division prepares to attach the tracker assembly to the launch tube of an M47 Dragon anti-tank weapon during Operation URGENT FURY. The soldier on the - DPLA - 4033645db73cd68974e46e8505667dd9.jpeg,https://commons.wikimedia.org/wiki/File:A_member_of_the_82nd_Airborne_Division_prepares_to_attach_the_tracker_assembly_to_the_launch_tube_of_an_M47_Dragon_anti-tank_weapon_during_Operation_URGENT_FURY._The_soldier_on_the_-_DPLA_-_4033645db73cd68974e46e8505667dd9.jpeg,https://upload.wikimedia.org/wikipedia/commons/7/7d/A_member_of_the_82nd_Airborne_Division_prepares_to_attach_the_tracker_assembly_to_the_launch_tube_of_an_M47_Dragon_anti-tank_weapon_during_Operation_URGENT_FURY._The_soldier_on_the_-_DPLA_-_4033645db73cd68974e46e8505667dd9.jpeg?utm_source=commons.wikimedia.org&utm_campaign=imageinfo&utm_content=original,Public domain,,Department of Defense. American Forces Information Service. Defense Visual Information Center. 1994,"25 October 1983 date QS:P571,+1983-10-25T00:00:00Z/11",The original finding aid described this photograph as: Subject Operation/Series: URGENT FURY Country: Grenada (GRD) Scene Camera Operator: SGT Michael Bogdanowicz Release Status: Released to Public,Category:82nd Airborne Division in Operation Urgent Fury,2810x1850
AF,Data-Vengeance/Loadscreens/RealConflict/AF/AF_038_1920x1080.png,A CH-46E Sea Knight helicopter of Marine Medium Helicopter Squadron 261 (HMM-261) that was shot down by anti-aircraft fire on October 25 during Operation Urgent Fury - DPLA - ea6d70a6afd7dbba7d7a20c24d39b9bc.jpeg,https://commons.wikimedia.org/wiki/File:A_CH-46E_Sea_Knight_helicopter_of_Marine_Medium_Helicopter_Squadron_261_(HMM-261)_that_was_shot_down_by_anti-aircraft_fire_on_October_25_during_Operation_Urgent_Fury_-_DPLA_-_ea6d70a6afd7dbba7d7a20c24d39b9bc.jpeg,https://upload.wikimedia.org/wikipedia/commons/8/87/A_CH-46E_Sea_Knight_helicopter_of_Marine_Medium_Helicopter_Squadron_261_%28HMM-261%29_that_was_shot_down_by_anti-aircraft_fire_on_October_25_during_Operation_Urgent_Fury_-_DPLA_-_ea6d70a6afd7dbba7d7a20c24d39b9bc.jpeg?utm_source=commons.wikimedia.org&utm_campaign=imageinfo&utm_content=original,Public domain,,Department of Defense. American Forces Information Service. Defense Visual Information Center. 1994,"1 October 1983 date QS:P571,+1983-10-01T00:00:00Z/11",The original finding aid described this photograph as: Subject Operation/Series: URGENT FURY Country: Grenada (GRD) Scene Camera Operator: Unknown Release Status: Released to Public,Category:United States Marine Corps in Grenada,3000x1895
TM,Data-Vengeance/Loadscreens/RealConflict/TM/TM_008_1920x1080.png,DF-ST-91-02660.jpg,https://commons.wikimedia.org/wiki/File:DF-ST-91-02660.jpg,https://upload.wikimedia.org/wikipedia/commons/c/c4/DF-ST-91-02660.jpg?utm_source=commons.wikimedia.org&utm_campaign=imageinfo&utm_content=original,Public domain,,MSGT. Ken Hammond,1990-01-01,"A Panamanian M-35 2.5-ton truck carrying members of 1st Battalion, 509th Infantry, and their parachutes backs up to the loading ramp of a C-130E Hercules aircrafct at the David airport. The soldiers parachuted into a drop zone outside the city to conduct operations in support of Operation Just Cause. Exact Date Shot Unknown",Category:United States invasion of Panama,2820x1850
AF,Data-Vengeance/Loadscreens/RealConflict/AF/AF_039_1920x1080.png,"Members of the 7th Light Infantry Division greet Soldiers from the 9th Honduran Battalion. President Ronald Reagan mobilized US Exercise Task Force DRAGON-GOLDEN PHEASANT, consistin - DPLA - af958575c6aab3012e61e1cd64387a30.jpeg","https://commons.wikimedia.org/wiki/File:Members_of_the_7th_Light_Infantry_Division_greet_Soldiers_from_the_9th_Honduran_Battalion._President_Ronald_Reagan_mobilized_US_Exercise_Task_Force_DRAGON-GOLDEN_PHEASANT,_consistin_-_DPLA_-_af958575c6aab3012e61e1cd64387a30.jpeg",https://upload.wikimedia.org/wikipedia/commons/a/ad/Members_of_the_7th_Light_Infantry_Division_greet_Soldiers_from_the_9th_Honduran_Battalion._President_Ronald_Reagan_mobilized_US_Exercise_Task_Force_DRAGON-GOLDEN_PHEASANT%2C_consistin_-_DPLA_-_af958575c6aab3012e61e1cd64387a30.jpeg?utm_source=commons.wikimedia.org&utm_campaign=imageinfo&utm_content=original,Public domain,,Department of Defense. American Forces Information Service. Defense Visual Information Center. 1994,"1 March 1988 date QS:P571,+1988-03-01T00:00:00Z/11","The original finding aid described this photograph as: Base: Jamastran Country: Honduras (HND) Scene Camera Operator: TSGT Bob Simons, USAF Release Status: Released to Public",Category:Operation Golden Pheasant,3000x2018
JM,Data-Vengeance/Loadscreens/RealConflict/JM/JM_057_1920x1080.png,Four members of the Army's 7th Infantry Division maneuver their way around a patch of tall grass during a joint services exercise - DPLA - 7bb0cf5d88353da921aacfa193a42554.jpeg,https://commons.wikimedia.org/wiki/File:Four_members_of_the_Army%27s_7th_Infantry_Division_maneuver_their_way_around_a_patch_of_tall_grass_during_a_joint_services_exercise_-_DPLA_-_7bb0cf5d88353da921aacfa193a42554.jpeg,https://upload.wikimedia.org/wikipedia/commons/9/95/Four_members_of_the_Army%27s_7th_Infantry_Division_maneuver_their_way_around_a_patch_of_tall_grass_during_a_joint_services_exercise_-_DPLA_-_7bb0cf5d88353da921aacfa193a42554.jpeg?utm_source=commons.wikimedia.org&utm_campaign=imageinfo&utm_content=original,Public domain,,Department of Defense. American Forces Information Service. Defense Visual Information Center. 1994,"1 January 1989 date QS:P571,+1989-01-01T00:00:00Z/11",The original finding aid described this photograph as: Country: Panama (PAN) Scene Camera Operator: STAFF Sergeant Laird Release Status: Released to Public,Category:1989 in Panama,2830x1900
JM,Data-Vengeance/Loadscreens/RealConflict/JM/JM_058_1920x1080.png,USMC-090427-M-4498L-113.jpg,https://commons.wikimedia.org/wiki/File:USMC-090427-M-4498L-113.jpg,https://upload.wikimedia.org/wikipedia/commons/c/c9/USMC-090427-M-4498L-113.jpg?utm_source=commons.wikimedia.org&utm_campaign=imageinfo&utm_content=original,Public domain,,,Taken on 28 April 2009,"Members of Marine Medium Helicopter Squadron 261 ""Raging Bulls"" and Marine Aerial Refueler Transport Squadron 252 pose in front of a crate containing the tail boom of an AH-1T Cobra on the Marine Corps Base Quatico flight line, April 27. Otis participated in a recent mission to transport the piece, which was lost during Operation Urgent Fury, from Grenada to Quantico.",Category:United States Marine Corps in Grenada,4112x2630
JM,Data-Vengeance/Loadscreens/RealConflict/JM/JM_059_1920x1080.png,Members of the FARC Greet the Crowd (29330647893).jpg,https://commons.wikimedia.org/wiki/File:Members_of_the_FARC_Greet_the_Crowd_(29330647893).jpg,https://upload.wikimedia.org/wikipedia/commons/8/80/Members_of_the_FARC_Greet_the_Crowd_%2829330647893%29.jpg?utm_source=commons.wikimedia.org&utm_campaign=imageinfo&utm_content=original,Public domain,,U.S. Department of State from United States,2016-09-26 18:36,"Members of the FARC greet the crowd after Colombian President Juan Manuel Santos and FARC leader Timoleón Jiménez signed a peace accord as U.S. Secretary of State John Kerry sat in a plaza outside the Cartagena Indias Convention Center in Cartagena, Colombia, on September 26, 2016, while attending a peace ceremony between the government and the Revolutionary Armed Forces of Colombia (FARC) that ended a five-decade conflict. [State Department Photo/Public Domain]",Category:Colombian armed conflict,4805x3203
AF,Data-Vengeance/Loadscreens/RealConflict/AF/AF_040_1920x1080.png,"Members of the 1ST Battalion, 504th Parachute Infantry Regiment, 82nd Airborne Division, wait to be picked up by CH-47 Chinook helicopters. The men are participating in a mobilizati - DPLA - ad000f673aaa2cf21183683333d766bf.jpeg","https://commons.wikimedia.org/wiki/File:Members_of_the_1ST_Battalion,_504th_Parachute_Infantry_Regiment,_82nd_Airborne_Division,_wait_to_be_picked_up_by_CH-47_Chinook_helicopters._The_men_are_participating_in_a_mobilizati_-_DPLA_-_ad000f673aaa2cf21183683333d766bf.jpeg",https://upload.wikimedia.org/wikipedia/commons/6/63/Members_of_the_1ST_Battalion%2C_504th_Parachute_Infantry_Regiment%2C_82nd_Airborne_Division%2C_wait_to_be_picked_up_by_CH-47_Chinook_helicopters._The_men_are_participating_in_a_mobilizati_-_DPLA_-_ad000f673aaa2cf21183683333d766bf.jpeg?utm_source=commons.wikimedia.org&utm_campaign=imageinfo&utm_content=original,Public domain,,Department of Defense. American Forces Information Service. Defense Visual Information Center. 1994,"1 March 1988 date QS:P571,+1988-03-01T00:00:00Z/11","The original finding aid described this photograph as: Base: Palmerola Air Base Country: Honduras (HND) Scene Camera Operator: TSGT Bob Simons, USAF Release Status: Released to Public",Category:Operation Golden Pheasant,3000x1968
AF,Data-Vengeance/Loadscreens/RealConflict/AF/AF_041_1920x1080.png,US paratroopers of the 82nd Airborne Division on a M151 jeep in Operation Urgent Fury.jpg,https://commons.wikimedia.org/wiki/File:US_paratroopers_of_the_82nd_Airborne_Division_on_a_M151_jeep_in_Operation_Urgent_Fury.jpg,https://upload.wikimedia.org/wikipedia/commons/e/ee/US_paratroopers_of_the_82nd_Airborne_Division_on_a_M151_jeep_in_Operation_Urgent_Fury.jpg?utm_source=commons.wikimedia.org&utm_campaign=imageinfo&utm_content=original,Public domain,,"MSG Dave Goldie, US Army",1983-10-25,Members of the 82nd Airborne Division wait in an equipment filled M151 light utility vehicle prior to boarding an aircraft for deployment to Grenada during Operation URGENT FURY. The vehicle has a wire-cutting bar mounted on the front.,Category:82nd Airborne Division in Operation Urgent Fury,3000x2198
JM,Data-Vengeance/Loadscreens/RealConflict/JM/JM_060_1920x1080.png,Operation CHISUM 01.jpg,https://commons.wikimedia.org/wiki/File:Operation_CHISUM_01.jpg,https://upload.wikimedia.org/wikipedia/commons/7/7c/Operation_CHISUM_01.jpg?utm_source=commons.wikimedia.org&utm_campaign=imageinfo&utm_content=original,Public domain,,PH1 (Sw) J. Elliott,1989-10-31,"Armed Panamanian Defense Force soldiers wearing civilian clothes walk around a halted column of Marine Corps LAV25 light armored vehicles during Operation CHISUM, a route reconnaissance patrol. Supporters of General Manuel Noriega had blocked the road with vehicles and refused to allow the patrol from Company D, 2nd Light Armored Infantry Battalion, to proceed through the town.",Category:1989 in Panama,2830x1870
JM,Data-Vengeance/Loadscreens/RealConflict/JM/JM_061_1920x1080.png,CH-46 on USS Guam (LPH-9) off Grenada 1983.JPEG,https://commons.wikimedia.org/wiki/File:CH-46_on_USS_Guam_(LPH-9)_off_Grenada_1983.JPEG,https://upload.wikimedia.org/wikipedia/commons/8/86/CH-46_on_USS_Guam_%28LPH-9%29_off_Grenada_1983.JPEG?utm_source=commons.wikimedia.org&utm_campaign=imageinfo&utm_content=original,Public domain,,TSgt. Mike Creen,1983-10-28,"A U.S. Marine Corps Boeing CH-46 Sea Knight helicopter Marine Medium Helicopter Transport Squadron HMM-261 Raging Bulls on the flight deck of the amphibious assault ship USS Guam (LPH-9) during ""Operation Urgent Fury"", the invasion of Granada, 28 October 1983.",Category:United States Marine Corps in Grenada,3002x1970
TM,Data-Vengeance/Loadscreens/RealConflict/TM/TM_009_1920x1080.png,Panama 7th infantry 1990 DF-ST-91-02532.jpg,https://commons.wikimedia.org/wiki/File:Panama_7th_infantry_1990_DF-ST-91-02532.jpg,https://upload.wikimedia.org/wikipedia/commons/4/4d/Panama_7th_infantry_1990_DF-ST-91-02532.jpg?utm_source=commons.wikimedia.org&utm_campaign=imageinfo&utm_content=original,Public domain,,Camera Operator: MASTER SGT. KEN HAMMOND,Date Shot: 28 1 Jan 1990,Three members of the 7th Infantry Division walk past a restaurant during Operation Just Cause.,Category:United States invasion of Panama,1578x1050
IN,Data-Vengeance/Loadscreens/RealConflict/IN/IN_003_1920x1080.png,A sandbagged mortar emplacement at a petroleum-oil-lubricants (POL) storage facility near Howard Air Force Base. A protective cover has been placed over the muzzle of the M-252 81mm - DPLA - abfcdf85ed24fceb80672989426dbd8f.jpeg,https://commons.wikimedia.org/wiki/File:A_sandbagged_mortar_emplacement_at_a_petroleum-oil-lubricants_(POL)_storage_facility_near_Howard_Air_Force_Base._A_protective_cover_has_been_placed_over_the_muzzle_of_the_M-252_81mm_-_DPLA_-_abfcdf85ed24fceb80672989426dbd8f.jpeg,https://upload.wikimedia.org/wikipedia/commons/8/89/A_sandbagged_mortar_emplacement_at_a_petroleum-oil-lubricants_%28POL%29_storage_facility_near_Howard_Air_Force_Base._A_protective_cover_has_been_placed_over_the_muzzle_of_the_M-252_81mm_-_DPLA_-_abfcdf85ed24fceb80672989426dbd8f.jpeg?utm_source=commons.wikimedia.org&utm_campaign=imageinfo&utm_content=original,Public domain,,Department of Defense. American Forces Information Service. Defense Visual Information Center. 1994,"1 January 1989 date QS:P571,+1989-01-01T00:00:00Z/11",The original finding aid described this photograph as: Country: Panama (PAN) Scene Camera Operator: SSGT Laird Release Status: Released to Public,Category:1989 in Panama,2860x1880
JM,Data-Vengeance/Loadscreens/RealConflict/JM/JM_062_1920x1080.png,En Sutiava.jpg,https://commons.wikimedia.org/wiki/File:En_Sutiava.jpg,https://upload.wikimedia.org/wikipedia/commons/f/f7/En_Sutiava.jpg?utm_source=commons.wikimedia.org&utm_campaign=imageinfo&utm_content=original,Public domain,,Dora María Téllez,Taken in June 1979,"Leticia Herrera, Dora María, Fanor Urroz (Mariano) y El Gato. Junio 1979. Insurrección de León 1979 Imágenes de las acciones militares durante la insurrección de León y de la destrucción causada por los bombardeos de la Fuerza Aérea Nicaragüense (FAN) de la GN. durante los meses de junio y julio de 1979",Category:Nicaraguan Revolution,1930x1215
JM,Data-Vengeance/Loadscreens/RealConflict/JM/JM_063_1920x1080.png,"3,200-meter concrete runway under construction at Punta Huente north of Managua, Nicaragua.jpg","https://commons.wikimedia.org/wiki/File:3,200-meter_concrete_runway_under_construction_at_Punta_Huente_north_of_Managua,_Nicaragua.jpg",https://upload.wikimedia.org/wikipedia/commons/b/be/3%2C200-meter_concrete_runway_under_construction_at_Punta_Huente_north_of_Managua%2C_Nicaragua.jpg?utm_source=commons.wikimedia.org&utm_campaign=imageinfo&utm_content=original,Public domain,,United States Department of Defense,"circa 1984 date QS:P,+1984-00-00T00:00:00Z/9,P1480,Q5727902","The 3,200-meter concrete runway under construction at Punta Huete north of Managua, Nicaragua, could have accomodated any Soviet-built fighter or bomber. The airfield includes dual runways and taxiways, as well as at least eight military aircraft revetments.",Category:Soviet Bloc alleged military build-up in Nicaragua (1980—1991),1368x1132
AF,Data-Vengeance/Loadscreens/RealConflict/AF/AF_042_1920x1080.png,"Members of the 1ST Battalion, 504th Parachute Infantry Division, 82nd Airborne Division, redeploy into the field around the air base after being dropped off by helicopter. The troop - DPLA - fb097ec6fc07b3481ef47fb4ec9995b4.jpeg","https://commons.wikimedia.org/wiki/File:Members_of_the_1ST_Battalion,_504th_Parachute_Infantry_Division,_82nd_Airborne_Division,_redeploy_into_the_field_around_the_air_base_after_being_dropped_off_by_helicopter._The_troop_-_DPLA_-_fb097ec6fc07b3481ef47fb4ec9995b4.jpeg",https://upload.wikimedia.org/wikipedia/commons/9/91/Members_of_the_1ST_Battalion%2C_504th_Parachute_Infantry_Division%2C_82nd_Airborne_Division%2C_redeploy_into_the_field_around_the_air_base_after_being_dropped_off_by_helicopter._The_troop_-_DPLA_-_fb097ec6fc07b3481ef47fb4ec9995b4.jpeg?utm_source=commons.wikimedia.org&utm_campaign=imageinfo&utm_content=original,Public domain,,Department of Defense. American Forces Information Service. Defense Visual Information Center. 1994,"1 March 1988 date QS:P571,+1988-03-01T00:00:00Z/11",The original finding aid described this photograph as: Base: Palmerola Air Base Country: Honduras (HND) Scene Camera Operator: SSGT Scott Stewart Release Status: Released to Public,Category:Operation Golden Pheasant,3000x2001
JM,Data-Vengeance/Loadscreens/RealConflict/JM/JM_064_1920x1080.png,Cuadro de Oficiales 1910-Gonzalo Escovar Gaviria (1872-1914).jpg,https://commons.wikimedia.org/wiki/File:Cuadro_de_Oficiales_1910-Gonzalo_Escovar_Gaviria_(1872-1914).jpg,https://upload.wikimedia.org/wikipedia/commons/3/39/Cuadro_de_Oficiales_1910-Gonzalo_Escovar_Gaviria_%281872-1914%29.jpg?utm_source=commons.wikimedia.org&utm_campaign=imageinfo&utm_content=original,Public domain,,Gonzalo Escovar Gaviria (1872-1914),1910,"Grupo de oficiales del ejercito colombiano acantonado en Medellín, en uniforma de gala. Colombia",Category:Army of Colombia,1214x776
JM,Data-Vengeance/Loadscreens/RealConflict/JM/JM_065_1920x1080.png,USMC-090426-M-4498L-112.jpg,https://commons.wikimedia.org/wiki/File:USMC-090426-M-4498L-112.jpg,https://upload.wikimedia.org/wikipedia/commons/9/97/USMC-090426-M-4498L-112.jpg?utm_source=commons.wikimedia.org&utm_campaign=imageinfo&utm_content=original,Public domain,,,Taken on 26 April 2009,"Lt. Col. Robert Cote, left, Marine Aerial Refueler Transport Squadron 252's commanding officer, and Capt. Chad Magro, KC-139 pilot, approach the runway in Grenada, April 26. Six VMGR-252 Marines participated in a mission to return a piece of aircraft lost during Operation Urgent Fury to Quantico, Va.",Category:United States Marine Corps in Grenada,4368x2912
JM,Data-Vengeance/Loadscreens/RealConflict/JM/JM_066_1920x1080.png,"A member of the 4th Bn., 6th Inf., 5th Inf. Div., aims his M-16A2 rifle through a barbed wire fence during a joint exercise involving units of the Army, Navy, and Air Force - DPLA - aa2cf6e6e10cf48741a7bc6fd1fc6235.jpeg","https://commons.wikimedia.org/wiki/File:A_member_of_the_4th_Bn.,_6th_Inf.,_5th_Inf._Div.,_aims_his_M-16A2_rifle_through_a_barbed_wire_fence_during_a_joint_exercise_involving_units_of_the_Army,_Navy,_and_Air_Force_-_DPLA_-_aa2cf6e6e10cf48741a7bc6fd1fc6235.jpeg",https://upload.wikimedia.org/wikipedia/commons/7/70/A_member_of_the_4th_Bn.%2C_6th_Inf.%2C_5th_Inf._Div.%2C_aims_his_M-16A2_rifle_through_a_barbed_wire_fence_during_a_joint_exercise_involving_units_of_the_Army%2C_Navy%2C_and_Air_Force_-_DPLA_-_aa2cf6e6e10cf48741a7bc6fd1fc6235.jpeg?utm_source=commons.wikimedia.org&utm_campaign=imageinfo&utm_content=original,Public domain,,Department of Defense. American Forces Information Service. Defense Visual Information Center. 1994,Taken on 15 November 1989,The original finding aid described this photograph as: Base: Albrook Air Force Station State: Canal Zone Country: Panama (PAN) Scene Camera Operator: MASTER SGT. Herbert Cintron Release Status: Released to Public,Category:1989 in Panama,2820x1920
JM,Data-Vengeance/Loadscreens/RealConflict/JM/JM_067_1920x1080.png,A Group of Female Singers Perform Sits Outside the Cartagena Indias Conventio (29329880434).jpg,https://commons.wikimedia.org/wiki/File:A_Group_of_Female_Singers_Perform_Sits_Outside_the_Cartagena_Indias_Conventio_(29329880434).jpg,https://upload.wikimedia.org/wikipedia/commons/4/46/A_Group_of_Female_Singers_Perform_Sits_Outside_the_Cartagena_Indias_Conventio_%2829329880434%29.jpg?utm_source=commons.wikimedia.org&utm_campaign=imageinfo&utm_content=original,Public domain,,U.S. Department of State from United States,2016-09-26 17:24,"A group of female singers perform as U.S. Secretary of State John Kerry sits in a plaza outside the Cartagena Indias Convention Center in Cartagena, Colombia, on September 26, 2016, as he prepared to witness a peace ceremony between the government and the Revolutionary Armed Forces of Colombia (FARC) that ends a five-decade conflict. [State Department Photo/Public Domain]",Category:Colombian armed conflict,4492x2995
AF,Data-Vengeance/Loadscreens/RealConflict/AF/AF_043_1920x1080.png,AH-1S firing rockets in Honduras 1988.JPEG,https://commons.wikimedia.org/wiki/File:AH-1S_firing_rockets_in_Honduras_1988.JPEG,https://upload.wikimedia.org/wikipedia/commons/f/fa/AH-1S_firing_rockets_in_Honduras_1988.JPEG?utm_source=commons.wikimedia.org&utm_campaign=imageinfo&utm_content=original,Public domain,,"TSgt. Bom Simmons, US Army.",1988-03-01,"A U.S. Army Bell AH-1S Cobra helicopter from the 1st Battalion, 17th Air Cavalry Brigade, firing two 2.75-inch rockets over the Honduran artillery range at Camp Del Balomple during a mobilization of US exercise Task Force ""Dragon/Golden Pheasant"" in 1988. The task force, consisting of both the 82nd Airborne Division, and the 7th Light Infantry Division, was deployed by U.S. President Ronald Reagan to help discourage Nicaraguan forces from entering Honduras.",Category:Operation Golden Pheasant,3000x1982
TM,Data-Vengeance/Loadscreens/RealConflict/TM/TM_010_1920x1080.png,To Flush a Sniper.jpg,https://commons.wikimedia.org/wiki/File:To_Flush_a_Sniper.jpg,https://upload.wikimedia.org/wikipedia/commons/d/d4/To_Flush_a_Sniper.jpg?utm_source=commons.wikimedia.org&utm_campaign=imageinfo&utm_content=original,Public domain,,Al Sprague,1991-01-01,"Artwork: ""To Flush a Sniper"" Artist: Al Sprague Catalog Number: 15.5.90",Category:United States invasion of Panama,2998x1999
JM,Data-Vengeance/Loadscreens/RealConflict/JM/JM_068_1920x1080.png,Torre de Salto Tolemaida.jpg,https://commons.wikimedia.org/wiki/File:Torre_de_Salto_Tolemaida.jpg,https://upload.wikimedia.org/wikipedia/commons/4/45/Torre_de_Salto_Tolemaida.jpg?utm_source=commons.wikimedia.org&utm_campaign=imageinfo&utm_content=original,Public domain,,TECH SGT JERRY MORRISON,10/2/2007,"Members of Colombian special forces conduct a demonstration for Secretary of Defense Robert M. Gates during his tour of Tolemaida Air Base in Bogota, Colombia, Oct. 3, 2007. DoD photo by Tech. Sgt. Jerry Morrison, U.S. Air Force. (Released)",Category:Army of Colombia,4184x2437
AF,Data-Vengeance/Loadscreens/RealConflict/AF/AF_044_1920x1080.png,"A C-5 Galaxy aircraft from the 436th Military Squadron takes off for the United States. US troops, including members of the 7th Light Infantry Division and the 82nd Airborne Divisio - DPLA - e30a05a1900a178c054c4095294ff744.jpeg","https://commons.wikimedia.org/wiki/File:A_C-5_Galaxy_aircraft_from_the_436th_Military_Squadron_takes_off_for_the_United_States._US_troops,_including_members_of_the_7th_Light_Infantry_Division_and_the_82nd_Airborne_Divisio_-_DPLA_-_e30a05a1900a178c054c4095294ff744.jpeg",https://upload.wikimedia.org/wikipedia/commons/7/7e/A_C-5_Galaxy_aircraft_from_the_436th_Military_Squadron_takes_off_for_the_United_States._US_troops%2C_including_members_of_the_7th_Light_Infantry_Division_and_the_82nd_Airborne_Divisio_-_DPLA_-_e30a05a1900a178c054c4095294ff744.jpeg?utm_source=commons.wikimedia.org&utm_campaign=imageinfo&utm_content=original,Public domain,,Department of Defense. American Forces Information Service. Defense Visual Information Center. 1994,"1 March 1988 date QS:P571,+1988-03-01T00:00:00Z/11",The original finding aid described this photograph as: Base: Palmerola Air Base Country: Honduras (HND) Scene Camera Operator: SSGT Scott Stewart Release Status: Released to Public,Category:Operation Golden Pheasant,3000x2001
AF,Data-Vengeance/Loadscreens/RealConflict/AF/AF_045_1920x1080.png,Honduran C-47A taking off 1988.JPEG,https://commons.wikimedia.org/wiki/File:Honduran_C-47A_taking_off_1988.JPEG,https://upload.wikimedia.org/wikipedia/commons/9/99/Honduran_C-47A_taking_off_1988.JPEG?utm_source=commons.wikimedia.org&utm_campaign=imageinfo&utm_content=original,Public domain,,"TSgt. Bom Simmons, US Army.",1988-03-01,"A Honduran Douglas C-47A-20-DK Skytrain aircraft (FAH 304, c/n 12962, ex-USAF 42-93089) taking off for a joint US/Honduran parachute jump during a mobilization of US exercise ""Task Force Dragon/Golden Pheasant"" in 1988. The task force, consisting of both the 82nd Airborne Division, and the 7th Light Infantry Division, was deployed by U.S. President Ronald Reagan to help discourage Nicaraguan forces from entering Honduras. The C-47A 42-93089 was sold to Honduras in October 1962 and remains in storage as late as 2011.",Category:Operation Golden Pheasant,2546x1334
AF,Data-Vengeance/Loadscreens/RealConflict/AF/AF_046_1920x1080.png,AH-1S firing cannon in Honduras 1988.JPEG,https://commons.wikimedia.org/wiki/File:AH-1S_firing_cannon_in_Honduras_1988.JPEG,https://upload.wikimedia.org/wikipedia/commons/a/aa/AH-1S_firing_cannon_in_Honduras_1988.JPEG?utm_source=commons.wikimedia.org&utm_campaign=imageinfo&utm_content=original,Public domain,,"TSgt. Bom Simmons, US Army.",1988-03-01,"A U.S. Army Bell AH-1S Cobra helicopter from the 1st Battalion, 17th Air Cavalry Brigade, firing its 20 mm cannon over the Honduran artillery range at Camp Del Balomple during a mobilization of US exercise Task Force ""Dragon/Golden Pheasant"" in 1988. The task force, consisting of both the 82nd Airborne Division, and the 7th Light Infantry Division, was deployed by U.S. President Ronald Reagan to help discourage Nicaraguan forces from entering Honduras.",Category:Operation Golden Pheasant,3000x2022
JM,Data-Vengeance/Loadscreens/RealConflict/JM/JM_069_1920x1080.png,CH-53D HMM-261 Grenada Okt1983.jpeg,https://commons.wikimedia.org/wiki/File:CH-53D_HMM-261_Grenada_Okt1983.jpeg,https://upload.wikimedia.org/wikipedia/commons/f/f5/CH-53D_HMM-261_Grenada_Okt1983.jpeg?utm_source=commons.wikimedia.org&utm_campaign=imageinfo&utm_content=original,Public domain,,"photographer: TSgt. M. J. Creen, USAF",1983-10,"A U.S. Marine Corps Sikorsky CH-53D Sea Stallion helicopter hovers above the ground near a Soviet ZU-23 anti-aircraft weapon prior to picking it up during ""Operation Urgent Fury"", the U.S. invasion of Grenada in October 1983. The Sea Stallion was from Marine medium helicopter squadron HMM-261 Raging Bulls , which was deployed aboard the helicopter carrier USS Guam (LPH-9) .",Category:United States Marine Corps in Grenada,3040x1980
JM,Data-Vengeance/Loadscreens/RealConflict/JM/JM_070_1920x1080.png,Supporters of General Manuel Noriega march to confront a reinforced platoon of Marines.jpg,https://commons.wikimedia.org/wiki/File:Supporters_of_General_Manuel_Noriega_march_to_confront_a_reinforced_platoon_of_Marines.jpg,https://upload.wikimedia.org/wikipedia/commons/a/af/Supporters_of_General_Manuel_Noriega_march_to_confront_a_reinforced_platoon_of_Marines.jpg?utm_source=commons.wikimedia.org&utm_campaign=imageinfo&utm_content=original,Public domain,,"PH1(Sw) J. Alan Elliott, USN",1989-10-31,"Led by a man carrying a Panamanian flag, supporters of General Manuel Noriega march to confront a reinforced platoon of Marines from Company B, 2nd Light Armored Infantry Battalion, on patrol between Rodman Naval Station and Howard Air Force Base. When nearby Panamanian Defense Force (PDF) soldiers refused to disperse the crowd, the Marines took another route to complete their patrol.",Category:1989 in Panama,2964x1970
JM,Data-Vengeance/Loadscreens/RealConflict/JM/JM_071_1920x1080.png,"US forces at the entrance to Howard Air Force Base, Panama (1989).jpg","https://commons.wikimedia.org/wiki/File:US_forces_at_the_entrance_to_Howard_Air_Force_Base,_Panama_(1989).jpg",https://upload.wikimedia.org/wikipedia/commons/6/6c/US_forces_at_the_entrance_to_Howard_Air_Force_Base%2C_Panama_%281989%29.jpg?utm_source=commons.wikimedia.org&utm_campaign=imageinfo&utm_content=original,Public domain,,PH1 (Sw) J. Elliott,1989-11-18,"An M113 armored personnel carrier from 4th Battalion., 6th Infantry, 5th Infantry Division (Mech), drives down the highway in front of the base to help control a demonstration being held outside the gate by supporters of General Manuel Noriega",Category:1989 in Panama,2800x1840
AF,Data-Vengeance/Loadscreens/RealConflict/AF/AF_047_1920x1080.png,"""22nd MAU Marines Land Just South of Pearls Airport–Grenada"" (1984), by LtCol Michael Leahy, USMC.jpg","https://commons.wikimedia.org/wiki/File:%2222nd_MAU_Marines_Land_Just_South_of_Pearls_Airport%E2%80%93Grenada%22_(1984),_by_LtCol_Michael_Leahy,_USMC.jpg",https://upload.wikimedia.org/wikipedia/commons/9/9e/%2222nd_MAU_Marines_Land_Just_South_of_Pearls_Airport%E2%80%93Grenada%22_%281984%29%2C_by_LtCol_Michael_Leahy%2C_USMC.jpg?utm_source=commons.wikimedia.org&utm_campaign=imageinfo&utm_content=original,Public domain,,"LtCol Michael Leahy, USMC","circa 1984 date QS:P,+1984-00-00T00:00:00Z/9,P1480,Q5727902","25 Oct 1983 - Operation Urgent Fury, Grenada 22d Marine Amphibious Unit, Army Rangers & elements of the 82d Airborne Division invade the island to rescue over 1,000 Americans. This artwork of the operation by LtCol Michael Leahy currently resides in the #USMC Art Collection.",Category:United States Marine Corps in Grenada,1200x890
JM,Data-Vengeance/Loadscreens/RealConflict/JM/JM_072_1920x1080.png,CH46SeaKnight Grenada 1983.JPG,https://commons.wikimedia.org/wiki/File:CH46SeaKnight_Grenada_1983.JPG,https://upload.wikimedia.org/wikipedia/commons/a/a4/CH46SeaKnight_Grenada_1983.JPG?utm_source=commons.wikimedia.org&utm_campaign=imageinfo&utm_content=original,Public domain,,SPEC. Long,1983-10-29,"A U.S. Marine Corps Boeing CH-46F Sea Knight helicopter (Buno 157711, c/n 2610) Marine Medium Helicopter Transport Squadron HMM-261 Raging Bulls shot down by anti-aircraft fire on 25 October 1983 during Operation Urgent Fury on Grenada.",Category:United States Marine Corps in Grenada,2543x1609
